sku,title,vendor,categories,tags,price,images,stores
ray-jean,Club Ride Ray Jean,Club Ride Appparel,Apparel,"Accessories, Apparel, Pants",129.99,https://cdn.shopify.com/s/files/1/0923/8062/products/jayjean1.jpeg?v=1438626070,"1, 2, 6, 14, 20"
roxbury-jersey,Club Ride Roxbury Jersey,Club Ride Appparel,Apparel,"Accessories, Apparel, Shirt, Shirts",89.99,https://cdn.shopify.com/s/files/1/0923/8062/products/roxbury-charcoal.jpeg?v=1438626068,"5, 10, 11, 12, 17"
levis-511-slim-fit-commuter-shorts,Levi's Commuter 504 Regular Straight Shorts,Levi's,Apparel,"Accessories, Apparel, Shorts",68,https://cdn.shopify.com/s/files/1/0923/8062/products/Men-short-blue-2_WEB.jpeg?v=1438625979,"3, 6, 7, 11, 12"
pure-fix-1940s-pullover,Pure Fix 1940's Pullover,Pure Fix Cycles,Apparel,"1940S, Accessories, Apparel, Clothes, Grey, Shirts, Sweatshirt, Sweatshirts",40,https://cdn.shopify.com/s/files/1/0923/8062/products/raglan_1201.jpeg?v=1438625948,"5, 6, 7, 16, 18"
pure-fix-1940s-tee,Pure Fix 1940's Tee,Pure Fix Cycles,Apparel,"1940S, Accessories, Apparel, Black, Clothes, Concrete, Grey, Shirt, Shirts",20,https://cdn.shopify.com/s/files/1/0923/8062/products/Tshirt_Pure-Fix_Black_Front_WEB.jpeg?v=1438625943,"13, 14, 16, 17, 18"
copy-of-pure-fix-1940s-zip-hoodie,Pure Fix 1940's Zip Hoodie,Pure Fix Cycles,Apparel,"1940S, Accessories, Apparel, Black, Clothes, Sweatshirt, Sweatshirts",32,https://cdn.shopify.com/s/files/1/0923/8062/products/hoodie_1201.jpeg?v=1438625933,"2, 10, 13, 14, 18"
pure-fix-basic-tee,Pure Fix Wing Tee,Pure Fix Cycles,Apparel,"Accessories, Apparel, Clothes, Grey, Shirt, Shirts",20,https://cdn.shopify.com/s/files/1/0923/8062/products/shirt_1.png?v=1438625925,"10, 11, 12, 14, 16"
pure-fix-go-bag,Pure Fix Go Bag,Pure Fix Cycles,Apparel,"Accessories, Apparel, Bag, Bags, Black",0.99,https://cdn.shopify.com/s/files/1/0923/8062/products/Bag-Front-WEB.jpeg?v=1438625899,"3, 4, 14, 15, 17"
pure-fix-race-jersey,Pure Fix Race Jersey,Pure Fix Cycles,Apparel,"Accessories, Apparel, Blue, Jersey, Navy, Racing, Red, Shirt",59,https://cdn.shopify.com/s/files/1/0923/8062/products/Blue-Jersey-Front.jpeg?v=1438625842,"4, 5, 10, 12, 15"
pure-fix-tribal-tee,Pure Fix Tribal Tee,Pure Fix Cycles,Apparel,"Black, Clothes, Concrete, Grey, Mint, Shirt, Shirts, White",20,https://cdn.shopify.com/s/files/1/0923/8062/products/gray_shirt_black_wing_3.jpeg?v=1438625828,"8, 9, 11, 13, 19"
pure-fix-trucker-hat,Pure Fix Trucker Hat,Pure Fix Cycles,Apparel,"Hat, Hats, Yellow",9.99,https://cdn.shopify.com/s/files/1/0923/8062/products/long-beach-trucker-hat_1.jpeg?v=1438625823,"2, 3, 6, 15, 19"
pure-fix-mechanic-shirt,Pure Fix Mechanic Shirt,Pure Fix Cycles,Apparel,"Accessories, Apparel, Black, Clothes, Shirt, Shirts",40,https://cdn.shopify.com/s/files/1/0923/8062/products/button-down-mech-tee.jpeg?v=1438625480,"1, 7, 13, 18, 19"
pure-fix-1940s-lady-tee,Pure Fix 1940's Lady Tee,Pure Fix Cycles,Apparel,"1940S, Accessories, Apparel, Black, Clothes, Concrete, Grey, Shirt, Shirts",16,https://cdn.shopify.com/s/files/1/0923/8062/products/seamless-women-tee.jpeg?v=1438625424,"2, 3, 9, 11, 18"
pure-fix-cycling-cap,Pure Fix Cycling Cap,Pure Fix Cycles,Apparel,"Accessories, Apparel, Black, Hat, Hats",24,https://cdn.shopify.com/s/files/1/0923/8062/products/Pure-Hat-WEB.jpeg?v=1438625325,"1, 2, 6, 18, 20"
pure-fix-1940s-softball-jersey,Pure Fix 1940's Softball Jersey,Pure Fix Cycles,Apparel,"1940S, Accessories, Apparel, Black, Clothes, Concrete, Grey, Shirt, Shirts",20,https://cdn.shopify.com/s/files/1/0923/8062/products/pure-fix-softball-tee-web-2.jpeg?v=1438624916,"3, 4, 7, 9, 19"
pure-fix-5-panel-hat,Pure Fix 5 Panel Hat,Pure Fix Cycles,Apparel,"Accessories, Apparel, Hats",16,https://cdn.shopify.com/s/files/1/0923/8062/products/PCHat_3RD_Right_Black_WEB.jpeg?v=1438624782,"5, 6, 7, 15, 20"
brisker-cold-weather-riding-gloves,Brisker Cold Weather Riding Gloves,Brisker,Apparel,,16,https://cdn.shopify.com/s/files/1/0923/8062/products/Black-gloves-web.jpeg?v=1438624775,"2, 4, 8, 16, 18"
levis-commuter-long-sleeve-tee,Levi's Commuter Long Sleeve Tee,Levi's,Apparel,"Accessories, Apparel, Shirts",58,https://cdn.shopify.com/s/files/1/0923/8062/products/levis-shirt.jpeg?v=1438624513,"1, 6, 9, 11, 14"
levis-commuter-skinny-jeans,Levi's Commuter Skinny Jeans,Levi's,Apparel,"Accessories, Apparel, Pants",88,https://cdn.shopify.com/s/files/1/0923/8062/products/Womens-pants-black-1_WEB.jpeg?v=1438624508,"2, 3, 8, 12, 14"
levis-lady-commuter-shorts,Levi's Commuter Shorts,Levi's,Apparel,"Accessories, Apparel, Shorts",68,https://cdn.shopify.com/s/files/1/0923/8062/products/Womens-shorts-blue-2_WEB.jpeg?v=1438624502,"2, 4, 6, 9, 18"
levis-commuter-511-slim-fit-jeans,Levi's Commuter 511 Slim Fit Jeans,Levi's,Apparel,"Accessories, Apparel, Pants",88,https://cdn.shopify.com/s/files/1/0923/8062/products/Men-pants-light-blue-2_WEB.jpeg?v=1438624498,"3, 7, 9, 13, 20"
levis-commuter-504-regular-straight-jeans,Levi's Commuter 504 Regular Straight Jeans,Levi's,Apparel,"Accessories, Apparel, Pants",88,https://cdn.shopify.com/s/files/1/0923/8062/products/Men-pants-blue-2_WEB.jpeg?v=1438624493,"13, 16, 17, 18, 19"
pure-fix-head-tube-badge,Pure Fix Head Tube Badge,Pure Fix Cycles,Badge,"Accessories, Accessory, Badge, Black, Pure Fix",1.99,https://cdn.shopify.com/s/files/1/0923/8062/products/badge.jpeg?v=1438625896,"1, 4, 5, 9, 13"
pure-fix-bar-tape,Bar Tape,Pure Fix Cycles,Bar Tape,"Bars and Tape, Bars Tape Grips and Stems, Black, Blue, Brown, Celeste, Glow, Glow In The Dark, Glow Series, Gold, Green, Grips and Tape, Handlebar Tape, Orange, Parts, Pink, Purple, Red, Tape, White, Yellow",12,https://cdn.shopify.com/s/files/1/0923/8062/products/SMT_2776_edit_1200.jpeg?v=1438626105,"13, 16, 17, 18, 19"
multicolor-pure-fix-bar-tape,Multicolor Bar Tape,Pure Fix Cycles,Bar Tape,"Bars and Tape, Bars Tape Grips and Stems, Blue, Brown, Camo, Cream, Green, Grips and Tape, Handlebar Tape, Orange, Parts, Red, Tape, White, Yellow",12,https://cdn.shopify.com/s/files/1/0923/8062/products/camo_tape_0003_red_white_black.jpeg?v=1438625965,"1, 9, 10, 13, 14"
fizik-tacky-touch-bar-tape,Fizik Tacky Touch Bar Tape,Fizik,Bar Tape,"Bars and Tape, Bars Tape Grips and Stems, Black, Grips and Tape, Handlebar Tape, Parts, Tape, White",35,https://cdn.shopify.com/s/files/1/0923/8062/products/Fizik-tape-Black-white-WEB.jpeg?v=1438624801,"2, 7, 13, 17, 19"
pure-city-leather-tape,Pure City Leather Handlebar Tape,Pure City Cycles,Bar Tape,"Bars and Tape, Bars Tape Grips and Stems, Black, Brown, City Accessories, Essentials, Grips and Tape, Handlebar Tape, Honey, Leather, Parts, Pure City, Things We Love",59,https://cdn.shopify.com/s/files/1/0923/8062/products/PureFixStyle02_Tan_WEB.jpeg?v=1438624694,"5, 7, 8, 11, 18"
pure-city-basket-1,Pure City Basket,Cyclone,Baskets,"Accessories, Basket, Baskets, Baskets and Racks, City Accessories, Pure City",60,https://cdn.shopify.com/s/files/1/0923/8062/products/basket_full.jpeg?v=1438625452,"1, 6, 8, 17, 20"
pure-city-cargo-straps,Pure City Cargo Straps,Pure Fix Cycles,Baskets,"Accessories, Baskets and Racks, Black, Blue, Cargo Straps, City Accessories, Green, Pure City, Straps",12,https://cdn.shopify.com/s/files/1/0923/8062/products/CargoStrap_Blue_PureCity_Front_WEB.jpeg?v=1438625338,"1, 6, 9, 11, 14"
nantucket-basket,Nantucket Lightship Basket,Nantucket Bike Basket Co,Baskets,"Accessories, Basket, Baskets, Baskets and Racks, Brown, City Accessories, Pure City",50,https://cdn.shopify.com/s/files/1/0923/8062/products/nantucket-basket-natural-WEB.jpeg?v=1438625318,"1, 7, 13, 18, 19"
city-crate-rear-rack-basket,Wooden City Crate,Pure Fix Cycles,Baskets,"Accessories, Basket, Baskets and Racks, City Accessories, Pure City, Racks and Baskets",50,https://cdn.shopify.com/s/files/1/0923/8062/products/CityCrate_Blue_Side_WEB.jpeg?v=1438625306,"1, 2, 6, 14, 20"
nantucket-cruiser-pannier-basket,Nantucket Cruiser Pannier Basket,Nantucket Bike Basket Co,Baskets,"Accessories, Bags, Basket, Baskets, Baskets and Racks, City Accessories, Panniers, Pure City, White",70,https://cdn.shopify.com/s/files/1/0923/8062/products/nantucket-basket-cruiser-pannier-natural-WEB.jpeg?v=1438625097,"2, 5, 8, 10, 15"
nantucket-cisco-basket,Nantucket Cisco Basket,Nantucket Bike Basket Co,Baskets,"Accessories, Basket, Baskets, Baskets and Racks, Brown, City Accessories, Pure City",70,https://cdn.shopify.com/s/files/1/0923/8062/products/nantucket-basket-cisco-natural-WEB.jpeg?v=1438625092,"3, 5, 12, 15, 18"
city-bell,City Bell,Pure Fix Cycles,Bells,"Bell, Black, Blue, City, City Accessories, Gold, Pure City, Red, Silver",10,https://cdn.shopify.com/s/files/1/0923/8062/products/Chrome-Bell-Full.jpeg?v=1438625132,"3, 6, 14, 17, 19"
crane-bell,Crane Bell,Crane,Bells,"Accessories, Bells, Goods",20,https://cdn.shopify.com/s/files/1/0923/8062/products/crane-copper-bell-WEB.jpeg?v=1438625053,"3, 9, 10, 14, 20"
ding-dong-bell,Ding Dong Bell,Pure Fix Cycles,Bells,"Bells, Black, Blue, City, City Accessories, Goods, Pure City, Red, Safety Gear, Things We Love",12,https://cdn.shopify.com/s/files/1/0923/8062/products/CITY-BELL_PASTEL_MIXED_SET_WEB.jpeg?v=1438624471,"1, 2, 6, 18, 20"
hammer-pull-brass-bell,Hammer Pull Brass Bell,Pure City Cycles,Bells,"Accessories, Bells",14,https://cdn.shopify.com/s/files/1/0923/8062/products/bellprimary.jpeg?v=1438624465,"1, 5, 10, 12, 15"
flat-bicycle-shelf,Flat Bicycle Shelf,Pure Fix Cycles,Bicycle Rack,"Accessories, Rack, Shelf, Wood",99,https://cdn.shopify.com/s/files/1/0923/8062/products/flat_shelf_1.jpeg?v=1438626017,"4, 8, 13, 16, 20"
triangle-bicycle-shelf,Triangle Bicycle Shelf,Pure Fix Cycles,Bicycle Rack,"Bike, College Fixie, Fixed Gear, Fixie, Shelf, Urban Fixie, Wood",120,https://cdn.shopify.com/s/files/1/0923/8062/products/triangle-shelf_1.jpeg?v=1438625502,"2, 6, 8, 9, 18"
leather-6-pack-holder,Leather 6-Pack Holder,Walnut Studiolo,Bike Accessories,"Accessories, City Accessories, Goods, Leather, Things We Love",42,https://cdn.shopify.com/s/files/1/0923/8062/products/6pack-holder--blackleather-WEB.jpeg?v=1438624959,"2, 6, 12, 15, 19"
leather-little-lifter,Leather Little Lifter,Walnut Studiolo,Bike Accessories,"Accessories, City Accessories, Goods, Leather, Things We Love",42,https://cdn.shopify.com/s/files/1/0923/8062/products/little-lifter-all-web.jpeg?v=1438624947,"8, 9, 11, 13, 19"
fizik-saddle-pak,Fizik Saddle Pak,Fizik,Bike Accessories,"Accessories, Bags, Saddle Bags, Saddles and Seatposts",24.99,https://cdn.shopify.com/s/files/1/0923/8062/products/FIZIK-BAG_SILVER_2014_SEAMLESS_MAIN_WEB.jpeg?v=1438624845,"1, 3, 13, 15, 16"
quad-lock-univeral-phone-mount,Quad Lock Universal Phone Mount,Quadlock,Bike Accessories,"Accessories, Essentials, Phone, Phone Accessories, Tech",39.95,https://cdn.shopify.com/s/files/1/0923/8062/products/Quadlock_universal_main_WEB.jpeg?v=1438624767,"7, 10, 11, 13, 20"
quad-lock-iphone-mount,Quad Lock iPhone Mount,Quadlock,Bike Accessories,"Accessories, Essentials, Phone, Phone Accessories, Tech",59.99,https://cdn.shopify.com/s/files/1/0923/8062/products/Quadlock_iPhone5_kit2_WEB.jpeg?v=1438624761,"9, 16, 17, 18, 20"
siva-atom,Siva Atom,Siva Cycles,Bike Accessories,"Accessories, Tech, Things We Love, Tools and Maintenance, Wheelsets and Accessories",129,https://cdn.shopify.com/s/files/1/0923/8062/products/siva-unit.jpeg?v=1438624670,"7, 8, 11, 12, 17"
city-bike-rack,City Bike Rack,Pure Fix Cycles,Bike Rack,"Accessories, Baskets and Racks, City Accessories, Pure City, Rack, Silver",40,https://cdn.shopify.com/s/files/1/0923/8062/products/Bike-Rack-Front_WEB.jpeg?v=1438625384,"8, 14, 15, 16, 18"
pure-fix-pannier-bag,Pure Fix Pannier Bag,Pure Fix Cycles,Bike Rack,"Accessories, Bags, Baskets and Racks, Panniers",49,https://cdn.shopify.com/s/files/1/0923/8062/products/PannierBag_Olive_Front_3RD_WEB.jpeg?v=1438624789,"3, 4, 5, 16, 19"
saris-solo-bike-rack,Saris Solo Bike Rack,Saris,Bike Racks,"Bike Racks, Black, Rack",59.99,https://cdn.shopify.com/s/files/1/0923/8062/products/saris-solo-bike-rack-web.jpeg?v=1438625128,"3, 5, 8, 13, 19"
saris-bones-3-bike-rack,Saris Bones 3 Bike Rack,Saris,Bike Racks,Bike Racks,169.99,https://cdn.shopify.com/s/files/1/0923/8062/products/saris-3-bones-bike-rack-web.jpeg?v=1438625127,"3, 6, 7, 11, 12"
neco-bottom-bracket,Sealed Cartridge Bottom Bracket,Neco,Bottom Brackets,"Bottom Bracket, Bottom Brackets, Drivetrain, Neco, Parts",20,https://cdn.shopify.com/s/files/1/0923/8062/products/Bottom-Bracket_68-x-110_Front_WEB.jpeg?v=1438625963,"2, 9, 14, 18, 20"
fgfs-bottom-bracket,FGFS Bottom Bracket,Pure Fix Cycles,Bottom Brackets,"Bottom Bracket, Bottom Brackets, Drivetrain, FGFS",0,https://cdn.shopify.com/s/files/1/0923/8062/products/fgfs-bottom-bracket.jpeg?v=1438625476,"1, 2, 6, 14, 20"
truative-powerspline-bottom-bracket,Truvativ Powerspline Bottom Bracket,Truvativ,Bottom Brackets,"Bottom Bracket, Bottom Brackets, Drivetrain, Parts, Pro, Track",25,https://cdn.shopify.com/s/files/1/0923/8062/products/Turative-bottom-bracket-WEB_c601085e-05e5-4596-82cc-2ab2d402c4b2.jpeg?v=1438625234,"4, 8, 13, 16, 20"
truative-square-taper-bottom-bracket,Truvativ Square Taper Bottom Bracket,Truvativ,Bottom Brackets,"Bottom Bracket, Bottom Brackets, Drivetrain, Parts, Truativ",20,https://cdn.shopify.com/s/files/1/0923/8062/products/Turative-bottom-bracket-square-113-WEB.jpeg?v=1438625100,"1, 6, 9, 18, 20"
rear-brake-kit,Brake Kit,Pure Fix Cycles,Brake,"Alloy, Black, Brake Parts, Brakes, Essential, Essentials, Parts, Safety Gear",39,https://cdn.shopify.com/s/files/1/0923/8062/products/Tektro_Brake-Kit_Black_Front_WEB.jpeg?v=1438626087,"3, 6, 13, 14, 19"
brake-pad,Brake Pad,Pure Fix Cycles,Brake,"Black, Brake Pad, Brake Pads, Brakes, Parts, Safety Gear, White",4,https://cdn.shopify.com/s/files/1/0923/8062/products/brake-pad-all-web.jpeg?v=1438626083,"1, 2, 6, 18, 20"
fgfs-brake-kit,FGFS Brake Kit,Pure Fix Cycles,Brake,"Black, Brake Parts, Brakes, FGFS, FGFS Accessories, FGFS Series, Parts, Safety Gear",22,https://cdn.shopify.com/s/files/1/0923/8062/products/brake_and_handle_web_1.jpeg?v=1438626048,"1, 5, 11, 14, 17"
hooded-brake-lever,Hooded Brake Levers,Pure Fix Cycles,Brake,"Bars Tape Grips and Stems, Brake Parts, Parts",32,https://cdn.shopify.com/s/files/1/0923/8062/products/hooded-brake-lever.jpeg?v=1438625487,"3, 6, 13, 14, 19"
brake-cable-housing,Brake Cable Housing,Pure Fix Cycles,Brake,"Blue, Brake Parts, Brake Set, City Accessories, Green, Orange, Parts, Pure City, Red, White",4,https://cdn.shopify.com/s/files/1/0923/8062/products/Green-Brake-Cable_WEB.jpeg?v=1438625361,"3, 4, 9, 12, 14"
chamois-butt-r,Chamois Butt'r,Paceline Products,Care,"Accessories, Tools",15.99,https://cdn.shopify.com/s/files/1/0923/8062/products/chamois-buttr-web.jpeg?v=1438624977,"3, 7, 8, 12, 16"
kmc-z410h-chain,KMC Z410H Chain,KMC,Chain,"Alloy, Black, Blue, Chain, Chains, Drivetrain, Gold, Green, Parts, Pink, White, Yellow",10,https://cdn.shopify.com/s/files/1/0923/8062/products/chain_1.jpeg?v=1438625994,"1, 7, 12, 16, 19"
pure-city-chain-guard,Pure City Chain Guard,Pure Fix Cycles,Chain Guards,"Black, Celeste, Chain Guard, City Accessories, Cream, Matte Black, Pure City, Red, Silver, White",10,https://cdn.shopify.com/s/files/1/0923/8062/products/Yellow-Chain-Cover-FULL.jpeg?v=1438625141,"5, 8, 12, 13, 17"
chain-tensioners,Chain Tensioners,Pure Fix Cycles,Chain Tensioners,"Alloy, Black, Drivetrain, Parts",2,https://cdn.shopify.com/s/files/1/0923/8062/products/screw-both.jpeg?v=1438626073,"1, 7, 13, 18, 19"
factory-5-lattice-chainring-49t,Factory 5 Lattice Chainring - 49T,Factory 5,Chainrings,"Chainrings, Drivetrain, Parts",89.99,https://cdn.shopify.com/s/files/1/0923/8062/products/CHAINRING_F5-LATTICE_BLACK-N-SILVER_FRONT_WEB.jpeg?v=1438624415,"6, 9, 10, 14, 16"
acs-crossfire-chain,ACS Crossfire Chain,ACS,Chains,"Chains, Drivetrain, Parts",15,https://cdn.shopify.com/s/files/1/0923/8062/products/ACSchainCut.jpeg?v=1438624520,"1, 4, 11, 14, 15"
cateye-urban-wireless-cycling-computer,Cateye Urban Wireless Cycling Computer,Cateye,Computer,"Bike Computers, Black, Computer",45,https://cdn.shopify.com/s/files/1/0923/8062/products/urban-wireless-black-web.jpeg?v=1438625417,"3, 4, 6, 8, 15"
fgfs-crankset,FGFS Crankset,Pure Fix Cycles,Cranks,"Black, Crank, Cranks, Drivetrain, FGFS, FGFS Accessories, FGFS Series, Parts",49,https://cdn.shopify.com/s/files/1/0923/8062/products/fgfg-crank_1.jpeg?v=1438626046,"6, 9, 10, 14, 16"
pure-fix-crankset,Fixie Crankset 44T,Pure Fix Cycles,Cranks,"Alloy, Black, Cranks, Drivetrain, Gold, Green, Magenta, Orange, Parts, Red, White, Yellow",54,https://cdn.shopify.com/s/files/1/0923/8062/products/PFCrankset_Black_Top_WEB.jpeg?v=1438626037,"2, 3, 9, 11, 18"
fixie-crankset-48t,Fixie Crankset 48T,Pure Fix Cycles,Cranks,"Alloy, Black, Cranks, Drivetrain, Gold, Parts, White",54,https://cdn.shopify.com/s/files/1/0923/8062/products/Fixie-Crank_3.jpeg?v=1438626027,"3, 4, 6, 8, 15"
sram-s100-175mm-48t-black-courier-crankset-power-spline,SRAM S100 165mm 48T Black Courier Crankset Power Spline,SRAM,Cranks,"Black, Cranks, Drivetrain, Parts, Pro, SRAM, Track",84,https://cdn.shopify.com/s/files/1/0923/8062/products/s100spun.jpeg?v=1438625286,"4, 8, 11, 17, 20"
sram-omnium-track-crankset,SRAM Omnium Track Crankset and Bottom Bracket,SRAM,Cranks,"Alloy, Black, Bottom Brackets, Cranks, Drivetrain, Parts, Pro, SRAM, Track",269,https://cdn.shopify.com/s/files/1/0923/8062/products/omnium-silver-sram-crank-WEB.jpeg?v=1438625284,"1, 6, 8, 17, 20"
sram-s300-165mm-48t-black-crankset-and-bottom-bracket,SRAM S300 165mm 48T Black Crankset and Bottom Bracket,SRAM,Cranks,"Black, Cranks, Drivetrain, Parts, Pro, SRAM, Track",156,https://cdn.shopify.com/s/files/1/0923/8062/products/sram-s300-driveside-web_98b7f6d0-bb63-4899-8a70-80b82f67bca8.jpeg?v=1438624919,"1, 4, 5, 8, 15"
ass-savers,Ass Savers,Smart Ass,Fender,"Accessories, Accessory, Black, Blue, Clear, Essential, Essentials, Fenders and Chain Guards, Green, Grey, Orange, Pink, Red, Saddles and Seatposts, Seat, Weather, Wheelsets and Accessories, White, Yellow",14,https://cdn.shopify.com/s/files/1/0923/8062/products/ass-saver-web_0005_Ass_Saver_Black_FULL.jpeg?v=1438626119,"3, 7, 9, 13, 20"
pure-city-fenders,Pure City Fenders,Pure Fix Cycles,Fender,"City Accessories, Fender, Fenders and Chain Guards, Pure City",30,https://cdn.shopify.com/s/files/1/0923/8062/products/Tire-Cover-Red-Full.jpeg?v=1438625150,"1, 7, 12, 16, 19"
the-bogey,The Bogey,Pure Fix Cycles,FGFS,"Black, FGFS, FGFS Series, Fixed Gear Freestyle, Grey, Trick Bike, Trick Fixie",399,https://cdn.shopify.com/s/files/1/0923/8062/products/bogey_1201.jpeg?v=1438625801,"14, 15, 16, 19, 20"
the-chief,The Chief,Pure Fix Cycles,FGFS,"Black, FGFS, FGFS Series, Fixed Gear Freestyle, Trick Bike, Trick Fixie, White",399,https://cdn.shopify.com/s/files/1/0923/8062/products/chief_1201.jpeg?v=1438625781,"3, 5, 6, 15, 19"
fgfs-pegs,FGFS Pegs,Pure Fix Cycles,FGFS Accessories,"Accessories, Black, FGFS, FGFS Accessories",1,https://cdn.shopify.com/s/files/1/0923/8062/products/B00CU3DR9G.main.jpeg?v=1438625329,"13, 16, 17, 18, 19"
original-fixed-cog,Original Fixed Cog,Pure Fix Cycles,Fixed Cogs,"14T, 16T, Alloy, cog, Cogs, Cogs and Lockrings, Drivetrain, Parts",8,https://cdn.shopify.com/s/files/1/0923/8062/products/Cog-WEB.jpeg?v=1438625488,"3, 5, 7, 16, 18"
bravo-black-blue-fixie,Bravo,Pure Fix Cycles,Fixed Gear Bicycle,"47cm, 50cm, 54cm, 58cm, Bicycle, Bicycles, Bike, Black, Blue, College Fixie, Fixed Gear, Fixie, Pure Fix Cycles, Urban Fixie",329,https://cdn.shopify.com/s/files/1/0923/8062/products/BRAVO_2014_SEAMLESS_SIDE_KENDA_WEB.jpeg?v=1442512880,"3, 10, 11, 12, 17"
delta-green-pink-fixie,The Delta,Pure Fix Cycles,Fixed Gear Bicycle,"Bicycle, Bicycles, Bike, Celeste, College Fixie, Fixed Gear, Fixie, Pink, Pure Fix Cycles, Urban Fixie",325,https://cdn.shopify.com/s/files/1/0923/8062/products/delta_1200.jpeg?v=1438625774,"6, 9, 18, 19, 20"
black-red-fixie-the-echo,Echo,Pure Fix Cycles,Fixed Gear Bicycle,"43cm, 47cm, 50cm, 54cm, 58cm, Bicycle, Bicycles, Bike, Black, College Fixie, Fixed Gear, Fixie, Matte Black, Pure Fix Cycles, Red, Urban Fixie",329,https://cdn.shopify.com/s/files/1/0923/8062/products/ECHO_2014_SEAMLESS_SIDE_KENDA_WEB.jpeg?v=1442433490,"5, 13, 15, 17, 19"
foxtrot-purple-white-fixie,The Foxtrot,Pure Fix Cycles,Fixed Gear Bicycle,"Bicycle, Bicycles, Bike, Black, College Fixie, Fixed Gear, Fixie, Pure Fix Cycles, Purple, Urban Fixie, Yellow",325,https://cdn.shopify.com/s/files/1/0923/8062/products/foxtrot_1200.jpeg?v=1438625763,"2, 5, 6, 13, 17"
the-golf,The Golf,Pure Fix Cycles,Fixed Gear Bicycle,"50cm, 54cm, Bicycle, Bicycles, Bike, Blue, Fixed Gear, Fixie, Light Blue, Orange, Pure Fix Cycles, Urban Fixie",325,https://cdn.shopify.com/s/files/1/0923/8062/products/WEB_2048_0016_Golf.jpeg?v=1438625756,"6, 11, 12, 15, 18"
black-gold-fixie,India,Pure Fix Cycles,Fixed Gear Bicycle,"50cm, 54cm, 58cm, Bicycle, Bicycles, Bike, Black, Fixed Gear, Fixie, Gold, Matte Black, Pure Fix Cycles",329,https://cdn.shopify.com/s/files/1/0923/8062/products/INDIA_2014_SEAMLESS_SIDE_KENDA_WEB.jpeg?v=1442433561,"1, 6, 8, 16, 17"
matte-black-fixie,Juliet,Pure Fix Cycles,Fixed Gear Bicycle,"43cm, 47cm, 50cm, 54cm, 58cm, 61cm, 64cm, Bicycle, Bicycles, Bike, Black, Fixed Gear, Fixie, Matte Black, Pure Fix Cycles",329,https://cdn.shopify.com/s/files/1/0923/8062/products/JULIET_2014_SEAMLESS_SIDE_KENDA_WEB.jpeg?v=1442433587,"2, 3, 4, 12, 18"
colorful-fixie-lima,The Lima,Pure Fix Cycles,Fixed Gear Bicycle,"Bicycle, Bicycles, Bike, Blue, College Fixie, Fixed Gear, Fixie, Green, Limited Edition, Matte Black, Pink, Pure Fix Cycles, Red, Urban Fixie, Yellow",325,https://cdn.shopify.com/s/files/1/0923/8062/products/lima_1200.jpeg?v=1438625709,"2, 7, 13, 17, 19"
fixie-the-mike,Mike,Pure Fix Cycles,Fixed Gear Bicycle,"50cm, 54cm, 58cm, Bicycle, Bicycles, Bike, College Fixie, Fixed Gear, Fixie, Gold, Matte Black, Pure Fix Cycles, Urban Fixie, White, WTB",329,https://cdn.shopify.com/s/files/1/0923/8062/products/MIKE_2015_SEAMLESS_SIDE_WEB.jpeg?v=1442433620,"7, 10, 11, 13, 20"
november-blue-silver-bike,November,Pure Fix Cycles,Fixed Gear Bicycle,"50cm, 54cm, 58cm, Alloy, Bicycle, Bicycles, Bike, Blue, College Fixie, Fixed Gear, Fixie, Pure Fix Cycles, Silver, Urban Fixie",329,https://cdn.shopify.com/s/files/1/0923/8062/products/NOVEMBER_2014_SEAMLESS_SIDE_KENDA_WEB.jpeg?v=1442433641,"9, 16, 17, 18, 20"
the-oscar-chrome-fixie,Oscar,Pure Fix Cycles,Fixed Gear Bicycle,"50cm, 54cm, 58cm, Alloy, Bicycle, Bicycles, Bike, Chrome, College Fixie, Fixed Gear, Fixie, Pure Fix Cycles, Urban Fixie",329,https://cdn.shopify.com/s/files/1/0923/8062/products/OSCAR_2014_SEAMLESS_SIDE_KENDA_WEB.jpeg?v=1438625635,"4, 7, 8, 11, 12"
papa-grey-orange-fixie,Papa,Pure Fix Cycles,Fixed Gear Bicycle,"43, 43cm, 47cm, 50cm, 54cm, 58cm, Bicycle, Bicycles, Bike, Fixie, Grey, Matte Grey, Orange, Pure Fix Cycles",329,https://cdn.shopify.com/s/files/1/0923/8062/products/PAPA_2014_SEAMLESS_SIDE_KENDA_WEB.jpeg?v=1442433662,"1, 2, 3, 11, 15"
black-white-fixie-1,Quebec,Pure Fix Cycles,Fixed Gear Bicycle,"50cm, 54cm, 58cm, Bicycle, Bicycles, Bike, Black, College Fixie, Fixed Gear, Fixie, Pure Fix Cycles, Urban Fixie, White, WTB",329,https://cdn.shopify.com/s/files/1/0923/8062/products/QUEBEC_2015_SEAMLESS_SIDE_WEB.jpeg?v=1442433684,"1, 7, 12, 17, 18"
white-fixie-the-romeo,Romeo,Pure Fix Cycles,Fixed Gear Bicycle,"43cm, 47cm, 50cm, 54cm, 58cm, 61cm, Bicycle, Bicycles, Bike, College Fixie, Fixed Gear, Fixie, Pure Fix Cycles, Urban Fixie, White",329,https://cdn.shopify.com/s/files/1/0923/8062/products/ROMEO_2014_SEAMLESS_SIDE_KENDA_WEB.jpeg?v=1442433766,"5, 11, 14, 19, 20"
orange-fixie-tango,The Tango,Pure Fix Cycles,Fixed Gear Bicycle,"Bicycle, Bicycles, Bike, Black, College Fixie, Fixed Gear, Fixie, Orange, Pure Fix Cycles, Urban Fixie",325,https://cdn.shopify.com/s/files/1/0923/8062/products/Tango.png?v=1438625582,"1, 11, 12, 14, 18"
the-uniform-black-yellow-bike,Uniform,Pure Fix Cycles,Fixed Gear Bicycle,"50cm, 54cm, 58cm, Bicycle, Bicycles, Bike, Black, Charity, charity: water, Fixed Gear, Fixie, Pure Fix Cycles, Yellow",329,https://cdn.shopify.com/s/files/1/0923/8062/products/UNIFORM_2014_SEAMLESS_SIDE_LOGO_KENDA_WEB.png?v=1442849733,"7, 9, 10, 16, 19"
victor-celeste-fixie,Victor,Pure Fix Cycles,Fixed Gear Bicycle,"47cm, 50cm, 54cm, Bicycle, Bicycles, Bike, Celeste, College Fixie, Fixed Gear, Fixie, Pure Fix Cycles, Urban Fixie, White",329,https://cdn.shopify.com/s/files/1/0923/8062/products/VICTOR_SIDE_WEB.jpeg?v=1442433922,"2, 4, 8, 12, 13"
whiskey-grey-blue-fixie,Whiskey,Pure Fix Cycles,Fixed Gear Bicycle,"47cm, 50cm, 54cm, 58cm, Bicycle, Bicycles, Bike, Blue, College Fixie, Fixed Gear, Fixie, Grey, Pure Fix Cycles, Urban Fixie",329,https://cdn.shopify.com/s/files/1/0923/8062/products/WHISKEY_2014_SEAMLESS_SIDE_KENDA_WEB.jpeg?v=1442433977,"5, 7, 8, 11, 18"
cream-and-celeste-fixie,X-Ray,Pure Fix Cycles,Fixed Gear Bicycle,"43cm, 47cm, 50cm, 54cm, 58cm, Bicycle, Bicycles, Bike, Celeste, Cream, Fixed Gear, Fixie, Pure Fix Cycles",329,https://cdn.shopify.com/s/files/1/0923/8062/products/XRAY_SIDE_WEB.jpeg?v=1442433992,"3, 6, 14, 18, 19"
the-yankee-charity-water,Yankee,Pure Fix Cycles,Fixed Gear Bicycle,"47cm, 50cm, 54cm, 58cm, Bicycle, Bicycles, Bike, Black, charity: water, College Fixie, Fixed Gear, Fixie, Pure Fix Cycles, Urban Fixie, Yellow",329,https://cdn.shopify.com/s/files/1/0923/8062/products/YANKEE_2014_SEAMLESS_SIDE_KENDA_WEB.png?v=1442849774,"5, 7, 14, 15, 17"
the-revo-juliet,Revo Juliet,Pure Fix Cycles,Fixed Gear Bicycle,"50cm, 54cm, 58cm, 61cm, Bicycle, Bicycles, Bike, Black, Fixed Gear, Fixie, Glow, Glow Bikes, Matte Black, Pure Fix Cycles, Revo",599,https://cdn.shopify.com/s/files/1/0923/8062/products/Revo-Lights-Bike_WEB_54c84086-9fab-4548-a4da-b9c7c6a89fbd.jpeg?v=1442434270,"1, 7, 12, 16, 19"
the-nikola,The Nikola,Pure Fix Cycles,Fixed Gear Bicycle,"43cm, 47cm, 50cm, 54cm, 58cm, 61cm, 64cm, Bicycle, Bicycles, Bike, Black, Fixed Gear, Fixie, Matte Black, Pure Fix Cycles",1899.99,https://cdn.shopify.com/s/files/1/0923/8062/products/Nikola-Fixie_WEB.jpeg?v=1438625066,"2, 10, 13, 14, 18"
the-gold,Lima,Pure Fix Cycles,Fixed Gear Bicycle,"50cm, 54cm, 58cm, Bicycle, Bicycles, Gold, Red",329,https://cdn.shopify.com/s/files/1/0923/8062/products/LIMA_2014_SEAMLESS_SIDE_KENDA_WEB.jpeg?v=1438625032,"3, 4, 14, 15, 17"
the-alfa,Alfa,Pure Fix Cycles,Fixed Gear Bicycle,"Bicycle, Bicycles, Bike, Blue, Fixed Gear, Fixie, Pure Fix Cycles, White, WTB",329,https://cdn.shopify.com/s/files/1/0923/8062/products/ALFA_SIDE_WEB.jpeg?v=1442512858,"1, 4, 5, 9, 13"
the-charlie,Charlie,Pure Fix Cycles,Fixed Gear Bicycle,"50cm, 54cm, 58cm, Bicycle, Bicycles, Bike, Black, College Fixie, Fixed Gear, Fixie, Pure Fix Cycles, Red, Urban Fixie",329,https://cdn.shopify.com/s/files/1/0923/8062/products/CHARLIE_2015_SEAMLESS_SIDE_WEB.jpeg?v=1438624998,"6, 8, 12, 15, 18"
the-iris,Iris,Pure Fix Cycles,Fixed Gear Bicycle,"Bicycle, Black, Fixed Gear, Grey, Limited Edition, Pure Fix Cycles",399,https://cdn.shopify.com/s/files/1/0923/8062/products/IRIS_2014_SEAMLESS_SIDE_KENDA_WEB_2048x1365_LIMITEDEDITION.jpeg?v=1438624935,"4, 10, 11, 15, 20"
the-foxtrot,Foxtrot,Pure Fix Cycles,Fixed Gear Bicycle,"50cm, 54cm, Bicycle, Bicycles, Bike, Bike MS, Blue, Fixed Gear, Fixie, Light Blue, Orange, Pure Fix Cycles, Urban Fixie, WTB",329,https://cdn.shopify.com/s/files/1/0923/8062/products/FOXTROT_BIKE-MS_2015_SEAMLESS_SIDE_WEB.jpeg?v=1442433528,"2, 7, 13, 17, 18"
the-tango,Tango,Pure Fix Cycles,Fixed Gear Bicycle,"50cm, 54cm, 58cm, Bicycle, Bicycles, Bike, Fixed Gear, Fixie, Grey, Pure Fix Cycles, White, WTB",329,https://cdn.shopify.com/s/files/1/0923/8062/products/TANGO_SIDE_WEB.jpeg?v=1442433860,"3, 10, 11, 12, 17"
the-delta,Delta,Pure Fix Cycles,Fixed Gear Bicycle,"50cm, 54cm, 58cm, Bicycle, Bicycles, Bike, Blue, Fixed Gear, Fixie, Grey, Pure Fix Cycles, Teal",329,https://cdn.shopify.com/s/files/1/0923/8062/products/DELTA_2014_SEAMLESS_SIDE_KENDA_WEB.jpeg?v=1442433471,"3, 5, 6, 15, 19"
siva-juliet,Siva Juliet,Pure Fix Cycles,Fixed Gear Bicycle,"43cm, 47cm, 50cm, 54cm, 58cm, 61cm, 64cm, Bicycle, Bicycles, Bike, Black, Fixed Gear, Fixie, Matte Black, Pure Fix Cycles",429,https://cdn.shopify.com/s/files/1/0923/8062/products/Sivia-Atom_Juliet_Side_WEB_f156ff3a-d97f-4aca-adb7-443d1668138d.jpeg?v=1442433245,"8, 9, 12, 15, 17"
golf-orange-bicycle,Golf,Pure Fix Cycles,Fixed Gear Bicycle,"50cm, 54cm, 58cm, Bicycle, Bike, Black, Fixed Gear, Fixie, Gray, Grey, Matte Grey, Pure Fix Cycles",329,https://cdn.shopify.com/s/files/1/0923/8062/products/GOLF_2015_SEAMLESS_SIDE_01_WEB.jpeg?v=1442433547,"2, 4, 6, 9, 18"
charlie,Charlie,Pure Fix Cycles,Fixed Gear Bicycle,"50cm, 54cm, 58cm, Bicycle, Bicycles, Bike, Black, College Fixie, Fixed Gear, Fixie, Pure Fix Cycles, Red, Urban Fixie",329,https://cdn.shopify.com/s/files/1/0923/8062/products/CHARLIE_2015_SEAMLESS_SIDE_WEB_bc823b9f-4ec7-40f2-a345-cc41c55e9ec8.jpeg?v=1442433423,"3, 5, 7, 16, 18"
pure-fix-pro-footstrap,Pure Fix Pro Footstrap,Pure Fix Cycles,Foot Straps,"Accessories, Black, Essential, Essentials, Footstrap, Green, Light Blue, Orange, Pedals and Straps, Pink, Pro, Pro Series, Purple, Red, Straps, White, Yellow",20,https://cdn.shopify.com/s/files/1/0923/8062/products/PFC_85.jpeg?v=1438625854,"2, 6, 9, 10, 15"
pure-fix-straight-fork,Pure Fix Straight Fork,Pure Fix Cycles,Forks,"Black, Celeste, Chrome, Cream, Fork, Forks, Framesets, Gloss Black, Parts, Purple, White",30,https://cdn.shopify.com/s/files/1/0923/8062/products/fork_celeste_6f282f80-d776-4219-b996-de1dab34e0f6.jpeg?v=1438625164,"2, 3, 4, 5, 11"
pure-fix-pro-carbon-fork,Pure Fix Pro Carbon Fork,Pure Fix Cycles,Forks,"Black, Fork, Forks, Framesets, Parts",199,https://cdn.shopify.com/s/files/1/0923/8062/products/Carbon-Fork_Black_Side_upright_05_WEB.jpeg?v=1438624701,"2, 4, 8, 12, 13"
fixed-gear-freestyle-frame-set,Fixed Gear Freestyle Frame Set,Pure Fix Cycles,Framesets,"Accessories, Black, CrMo Framesets, FGFS, FGFS Accessories, FGFS Frame, FGFS Framesets, FGFS Series, Frames & Forks, Framesets, Grey, Parts",99,https://cdn.shopify.com/s/files/1/0923/8062/products/frame_trick_black_web_1.jpeg?v=1438626044,"1, 5, 6, 10, 11"
original-fixed-gear-frameset,Original Fixed Gear Frameset,Pure Fix Cycles,Framesets,"1/8"", Alloy, Black, Blue, Chrome, Fixie, Frameset, Framesets, Gloss Black, Green, Grey, Neon Green, Neon Yellow, Orange, Original Framesets, Parts, Pink, Red, White, Yellow",99,https://cdn.shopify.com/s/files/1/0923/8062/products/red-frameset-WEB.jpeg?v=1438625226,"8, 14, 15, 16, 18"
keirin-track-frame,Keirin Track Frameset,Pure Fix Cycles,Framesets,"Accessories, Alloy, Black, Chrome, Framesets, Keirin, Parts, Pro, Racing, Track, Track Framesets, White",225,https://cdn.shopify.com/s/files/1/0923/8062/products/KEIRINTRACK_2014_SEAMLESS_3RD_WHITE_WEB.jpeg?v=1438625207,"3, 4, 9, 12, 14"
keirin-pro-track-frame,Keirin Pro Track Frameset,Pure Fix Cycles,Framesets,"Alloy, Black, Chrome, Framesets, Keirin, Parts, Pro, Racing, Track, Track Framesets, White",325,https://cdn.shopify.com/s/files/1/0923/8062/products/KEIRINPROTRACK_2014_SEAMLESS_3RD_ALLOY_WEB.jpeg?v=1438625191,"4, 10, 14, 16, 19"
classic-2-bar-frameset,Classic 2-Bar Chromoly Frameset,Pure Fix Cycles,Framesets,"2-bar, 2-Bar Framesets, Accessories, Black, CrMo, CrMo Framesets, Framesets, Gloss Black, Matte Black, Parts, Red, White",110,https://cdn.shopify.com/s/files/1/0923/8062/products/Frame_Gloss_Black_9d40b247-a3ce-4b5e-ba99-ef1a1650cd91.jpeg?v=1438625177,"1, 4, 11, 14, 15"
glow-in-the-dark-fixed-gear-frameset,Glow in the Dark Fixed Gear Frameset,Pure Fix Cycles,Framesets,"Framesets, Glow, Glow Framesets, Glow Green, Glow Salmon, Glow White, Green, Original Framesets, Parts, Red, White",150,https://cdn.shopify.com/s/files/1/0923/8062/products/red-black_bfc56dc8-5389-4e45-b7fd-d13445bbd7d4.jpeg?v=1438624982,"1, 4, 5, 7, 8"
original-freewheel,Original Freewheel,Pure Fix Cycles,Freewheels,"16T, Alloy, Drivetrain, Freewheels, Parts",8,https://cdn.shopify.com/s/files/1/0923/8062/products/Freewheel-02-WEB.jpeg?v=1438625068,"13, 14, 16, 17, 18"
acs-crossfire-freewheel,ACS Crossfire Freewheel,ACS,Freewheels,"Drivetrain, Freewheels, Parts",26,https://cdn.shopify.com/s/files/1/0923/8062/products/acs-crossfire-freewheel-web.jpeg?v=1438624538,"4, 5, 9, 12, 19"
acs-crossfire-pro-freewheel,ACS Crossfire Pro Freewheel,ACS,Freewheels,"Drivetrain, Freewheels, Parts",60,https://cdn.shopify.com/s/files/1/0923/8062/products/acs-crossfire-PRO-freewheel-web.jpeg?v=1438624537,"1, 3, 4, 13, 17"
acs-maindrive-freewheel,ACS MainDrive Freewheel,ACS,Freewheels,"Drivetrain, Freewheels, Parts",10,https://cdn.shopify.com/s/files/1/0923/8062/products/acs-maindrive-web.jpeg?v=1438624534,"4, 8, 13, 16, 20"
fixie-table,Fixie Table,Pure Fix Cycles,Furniture,"50mm, 60mm, Accessories, Bicycles, Bike, College Fixie, Fixed Gear, Fixie, Pure Fix Cycles, Urban Fixie, Wheelsets",499,https://cdn.shopify.com/s/files/1/0923/8062/products/fixie_table4.jpeg?v=1438626020,"4, 5, 9, 12, 19"
crochet-cycling-gloves,Crochet Cycling Gloves,Cyclone,Gloves,"Accessories, Apparel, Gloves",9,https://cdn.shopify.com/s/files/1/0923/8062/products/CYCLONE_MESH-GLOVES_BLACK_LARGE_SET_03_WEB.jpeg?v=1438624418,"1, 5, 11, 14, 17"
fixie-black-green,Hotel,Pure Fix Cycles,Glow Series,"50cm, 54cm, 58cm, Bicycles, Bike, Black, College Fixie, Fixed Gear, Fixie, Glow, Glow Bikes, Glow In The Dark, Glow Series, Green, Pure Fix Cycles, Urban Fixie",399,https://cdn.shopify.com/s/files/1/0923/8062/products/HOTEL_2014_SEAMLESS_SIDE_KENDA_WEB.jpeg?v=1442434185,"1, 3, 13, 15, 16"
glow-in-the-dark-fixie-bike-kilo,Kilo,Pure Fix Cycles,Glow Series,"43cm, 47cm, 50cm, 54cm, 58cm, 61cm, Bicycles, Bike, Black, College Fixie, Fixed Gear, Fixie, Glow, Glow Bikes, Glow In The Dark, Glow Series, Green, Pure Fix Cycles, Urban Fixie, Yellow",399,https://cdn.shopify.com/s/files/1/0923/8062/products/KILO_2014_SEAMLESS_SIDE_KENDA_WEB.jpeg?v=1442434207,"1, 10, 12, 17, 19"
the-zulu-glow-fixie,Zulu,Pure Fix Cycles,Glow Series,"47cm, 50cm, 54cm, 58cm, Bicycles, Bike, College Fixie, Fixed Gear, Fixie, Glow, Glow Bikes, Glow In The Dark, Glow Series, Pure Fix Cycles, Urban Fixie, White",399,https://cdn.shopify.com/s/files/1/0923/8062/products/ZULU_2014_SEAMLESS_SIDE_KENDA_WEB.jpeg?v=1442434321,"8, 9, 12, 15, 17"
oury-grip-set,Oury Grip Set,Oury,Grips,"Bars and Tape, Bars Tape Grips and Stems, Black, Blue, Glow, Glow In The Dark, Glow Series, Green, Grey, Grips, Grips and Tape, Orange, Parts, Purple, Red, White, Yellow",12,https://cdn.shopify.com/s/files/1/0923/8062/products/all_1_1200.jpeg?v=1438625960,"2, 5, 8, 10, 15"
city-grip-set,City Grip Set,Pure Fix Cycles,Grips,"Bars and Tape, Bars Tape Grips and Stems, Black, Brown, City Accessories, Grips, Grips and Tape, Parts, Pure City, White",20,https://cdn.shopify.com/s/files/1/0923/8062/products/PCGrip_3RD_Black_WEB.jpeg?v=1438625354,"1, 4, 11, 14, 15"
brooks-adjustable-length-leather-ring-grips,Brooks Adjustable Length Leather Ring Grips,Brooks,Grips,"Bars Tape Grips and Stems, Brooks, Grips, Grips and Tape, Leather, Parts",80,https://cdn.shopify.com/s/files/1/0923/8062/products/grip-rings-brown-web.jpeg?v=1438624961,"4, 5, 10, 12, 15"
leather-city-grips,Leather City Grips,Walnut Studiolo,Grips,"Accessories, City Accessories, Grips, Grips and Tape, Leather, Parts",42,https://cdn.shopify.com/s/files/1/0923/8062/products/sew-on-leather-grips-brown-seamless-WEB.jpeg?v=1438624954,"1, 2, 13, 17, 20"
pure-fix-grip-set,Pure Fix Grip Set,Pure Fix Cycles,Grips,"Bars and Tape, Bars Tape Grips and Stems, Black, Blue, Glow, Glow In The Dark, Glow Series, Green, Grey, Grips, Grips and Tape, Orange, Parts, Purple, Red, White, Yellow",12,https://cdn.shopify.com/s/files/1/0923/8062/products/Pure_Fix_Grips_BLACK_3RD_WEB.jpeg?v=1438624719,"1, 11, 12, 14, 18"
premium-ergo-leather-grip-set,Premium Ergo Leather Grip Set,Pure City Cycles,Grips,"Bars and Tape, Bars Tape Grips and Stems, Black, Brown, City Accessories, Grips, Grips and Tape, Leather, Parts, Pure City, Things We Love, White",40,https://cdn.shopify.com/s/files/1/0923/8062/products/PC3S_3RD_Brown_WEB.jpeg?v=1438624652,"2, 3, 8, 12, 14"
brooks-slender-leather-grips,Brooks Slender Leather Grips,Brooks,Grips,"Bars Tape Grips and Stems, Brooks, Grips, Grips and Tape, Leather, Parts",90,https://cdn.shopify.com/s/files/1/0923/8062/products/Slender-leather-grips-honey-web.jpeg?v=1438624549,"2, 3, 9, 11, 18"
bmx-bars,Freestyle Riser Bars,Pure Fix Cycles,Handlebars,"Bars, Bars and Stems, Bars and Tape, Bars Tape Grips and Stems, FGFS, FGFS Accessories, FGFS Series, Handle Bars, Handlebars, Parts",14,https://cdn.shopify.com/s/files/1/0923/8062/products/bmx_bars.jpeg?v=1438626091,"3, 5, 7, 16, 18"
bull-horn-bars,Bull Horn Bars,Pure Fix Cycles,Handlebars,"Alloy, Bars, Bars and Stems, Bars and Tape, Bars Tape Grips and Stems, Black, Gold, Handlebars, Parts, White",26,https://cdn.shopify.com/s/files/1/0923/8062/products/all-bullhorns-centered.jpeg?v=1438626079,"1, 5, 10, 12, 15"
pista-bars,Pista Bars,Pure Fix Cycles,Handlebars,"Alloy, Bars, Bars and Stems, Bars and Tape, Bars Tape Grips and Stems, Black, Gold, Handle Bars, Handlebars, Parts, Pure Fix Cycles, White",26,https://cdn.shopify.com/s/files/1/0923/8062/products/PistaBar_Chrome_3RD_WEB.jpeg?v=1438625953,"5, 8, 9, 12, 20"
pure-fix-drop-bars,Pure Fix Drop Bars,Pure Fix Cycles,Handlebars,"Alloy, Bars, Bars and Stems, Bars and Tape, Bars Tape Grips and Stems, Black, Gold, Handle Bars, Handlebars, Parts, White",26,https://cdn.shopify.com/s/files/1/0923/8062/products/drop_bars__0000_Gold.jpeg?v=1438625905,"3, 6, 12, 14, 18"
pure-fix-riser-bars,Pure Fix Riser Bars,Pure Fix Cycles,Handlebars,"Alloy, Bars, Bars and Stems, Bars and Tape, Bars Tape Grips and Stems, Black, Gold, Handle Bars, Handlebars, Parts, White",18,https://cdn.shopify.com/s/files/1/0923/8062/products/Riser_Gold.jpeg?v=1438625835,"2, 6, 12, 15, 19"
pursuit-bars,Pursuit Bars,Pure Fix Cycles,Handlebars,"Alloy, Bars, Bars and Stems, Bars and Tape, Bars Tape Grips and Stems, Black, Bullhorn, Gold, Handle Bars, Handlebars, Parts, Pursuit, White",26,https://cdn.shopify.com/s/files/1/0923/8062/products/pursuit_bars_Alloy.jpeg?v=1438625814,"6, 7, 13, 14, 16"
pure-city-comfort-handlebar,Pure City Comfort Handlebars,Pure Fix Cycles,Handlebars,"Alloy, Bars, Bars and Stems, Bars Tape Grips and Stems, City Accessories, Handlebars, Parts, Pure City",26,https://cdn.shopify.com/s/files/1/0923/8062/products/Silver-Handlebar-WEB.jpeg?v=1438625287,"2, 3, 4, 10, 13"
fsa-omega-compact-road-drop-bars,FSA Omega Compact Road Drop Bars,FSA,Handlebars,"Bars, Bars and Stems, Bars and Tape, Bars Tape Grips and Stems, Black, Drop Bars, FSA, Handlebars, Parts, Pro, Track, White",60,https://cdn.shopify.com/s/files/1/0923/8062/products/FSA-compact-omega-bars-black-WEB.jpeg?v=1438625281,"1, 5, 11, 14, 17"
nitto-b143aa-aluminum-track-drop-bars,Nitto B143AA Aluminum Track Drop Bars,Nitto,Handlebars,"Alloy, Bars, Bars and Stems, Bars and Tape, Bars Tape Grips and Stems, Drop Bars, Handlebars, Parts, Pro, Track",110,https://cdn.shopify.com/s/files/1/0923/8062/products/nitto-b143aa-alumnium-track-drop-bars-WEB.jpeg?v=1438625278,"6, 9, 10, 14, 16"
neco-head-set,Neco Head Set,Neco,Head Set,"Headset, Headsets, Neco, Parts",8,https://cdn.shopify.com/s/files/1/0923/8062/products/head-set_1.jpeg?v=1438625961,"1, 6, 9, 18, 20"
fgfs-head-set,FGFS Head Set,Neco,Head Set,"Accessories, Black, FGFS, FGFS Accessories, Headset, Headsets, Neco, Parts",8,https://cdn.shopify.com/s/files/1/0923/8062/products/head-set_FGFS.jpeg?v=1438625328,"3, 6, 13, 14, 19"
keirin-pro-head-set,Keirin Pro Headset,Pure Fix Cycles,Head Set,"Headset, Headsets, Neco, Parts",30,https://cdn.shopify.com/s/files/1/0923/8062/products/Pro-Headset_Black_Front_WEB.jpeg?v=1438624658,"1, 6, 9, 11, 14"
acs-maindrive-headset,ACS MainDrive Headset,ACS,Head Set,"Black, Blue, Gold, Headsets, Parts, Red",25,https://cdn.shopify.com/s/files/1/0923/8062/products/ACS-HEADSET-WEB_0003_BLACK.jpeg?v=1438624526,"1, 2, 6, 17, 18"
acs-crossfire-headset,ACS Crossfire Headset,ACS,Headsets,"ACS, Headsets, Parts",60,https://cdn.shopify.com/s/files/1/0923/8062/products/ACSCFHeadsetCut.jpeg?v=1438624517,"2, 3, 4, 5, 11"
flak-helmet,Flak Helmet,Giro,Helmet,"Accessories, Black, Essential, Essentials, Helmet, Helmets, Safety, Safety Gear",40,https://cdn.shopify.com/s/files/1/0923/8062/products/giro-flak_1.png?v=1438626018,"1, 3, 4, 13, 17"
savant-helmet,Savant Helmet,Giro,Helmet,"Accessories, Black, Essential, Helmet, Helmets, Safety, Safety Gear",79,https://cdn.shopify.com/s/files/1/0923/8062/products/giro-savant-black-white-WEB.jpeg?v=1438625414,"3, 4, 5, 7, 9"
atmos-helmet,Atmos Helmet,Giro,Helmet,"Accessories, Black, Essential, Helmet, Helmets, Safety, Safety Gear",179.99,https://cdn.shopify.com/s/files/1/0923/8062/products/giro-atmos-black-WEB.jpeg?v=1438624896,"14, 15, 16, 19, 20"
reverb-helmet,Reverb Helmet,Giro,Helmet,"Accessories, Black, Essential, Essentials, Helmet, Helmets, Safety, Safety Gear",60,https://cdn.shopify.com/s/files/1/0923/8062/products/giro-reverb-grey-web.jpeg?v=1438624847,"6, 11, 12, 15, 18"
segment-helmet,Segment Helmet,Giro,Helmet,"Accessories, Black, Essential, Essentials, Helmet, Helmets, Safety, Safety Gear",55,https://cdn.shopify.com/s/files/1/0923/8062/products/segment-helmet-WEB.jpeg?v=1438624592,"5, 10, 11, 12, 17"
city-kickstand,City Kickstand,Pure Fix Cycles,Kickstand,"Alloy, City Accessories, Kickstand, Kickstands, Parts, Pure City",15,https://cdn.shopify.com/s/files/1/0923/8062/products/kick-stand_WEB.jpeg?v=1438625356,"4, 10, 14, 16, 19"
the-micro-echo,Micro Echo,Pure Fix Cycles,Kids Fixed Gear Bike,"Black, Kids Fixie, Micro, Micro Series, Red",329,https://cdn.shopify.com/s/files/1/0923/8062/products/ECHO_2014_SEAMLESS_SIDE_WEB.jpeg?v=1442434378,"1, 3, 4, 12, 15"
the-micro-juliet,Micro Juliet,Pure Fix Cycles,Kids Fixed Gear Bike,"Black, Kids Fixie, Micro, Micro Series",329,https://cdn.shopify.com/s/files/1/0923/8062/products/JULIET_2014_SEAMLESS_SIDE_WEB.jpeg?v=1442434400,"3, 4, 5, 16, 19"
the-micro-kilo,Micro Kilo,Pure Fix Cycles,Kids Fixed Gear Bike,"Black, Glow, Glow Bikes, Glow In The Dark, Glow Series, Green, Kids Fixie, Micro, Micro Series, Yellow",401.99,https://cdn.shopify.com/s/files/1/0923/8062/products/KILO_2014_SEAMLESS_SIDE_-WEB.jpeg?v=1442434248,"5, 6, 7, 15, 20"
the-micro-papa,Micro Papa,Pure Fix Cycles,Kids Fixed Gear Bike,"Grey, Kids Fixie, Micro, Micro Series, Orange",329,https://cdn.shopify.com/s/files/1/0923/8062/products/PAPA_2014_SEAMLESS_SIDE_WEB.jpeg?v=1442434411,"1, 11, 14, 15, 17"
the-micro-romeo,Micro Romeo,Pure Fix Cycles,Kids Fixed Gear Bike,"Kids Fixie, Micro, Micro Series, White",329,https://cdn.shopify.com/s/files/1/0923/8062/products/ROMEO_2014_SEAMLESS_SIDE_WEB.jpeg?v=1442434426,"2, 4, 8, 16, 18"
defender-bike-light,Defender Bike Light,Fortified,Light,"Accessories, Alloy, Black, Essential, Essentials, Light, Lights, Pure Fix Cycles, Safety, Safety Gear",39,https://cdn.shopify.com/s/files/1/0923/8062/products/WEB_2048-Light_0002_Defender_Front_Angle_Black.jpeg?v=1438626062,"2, 3, 4, 10, 13"
nightlight,Pure Fix Nightlights,Pure Fix Cycles,Light,"Accessories, Black, Blue, Essential, Essentials, Fixie Light, Green, Light, Lights, Pure Fix Cycles, Red, Safety Gear, White",14,https://cdn.shopify.com/s/files/1/0923/8062/products/Nightlight_Black_3RD_WEB.jpeg?v=1438625876,"1, 4, 5, 7, 8"
knog-blinder-road-front,Knog Blinder Road Front Light,Knog,Light,"Accessories, Black, Essential, Essentials, Front, Grey, Knog, Lights, Safety Gear",79.99,https://cdn.shopify.com/s/files/1/0923/8062/products/knog-blinder-road-black-front.jpeg?v=1438625437,"6, 9, 10, 14, 16"
knog-blinder-road-rear-light,Knog Blinder Road Rear Light,Knog,Light,"Accessories, Black, Essential, Essentials, Grey, Knog, Light, Lights, Rear, Safety Gear",59.99,https://cdn.shopify.com/s/files/1/0923/8062/products/knog-blinder-road-black-rear.jpeg?v=1438625433,"2, 3, 4, 11, 15"
bookman-lights,Bookman Lights,Bookman,Light,"Accessories, Black, Essential, Essentials, Fixie Light, Green, Light, Lights, Pure Fix Cycles, Safety Gear, White",29,https://cdn.shopify.com/s/files/1/0923/8062/products/Bookman-Black-main-grey-WEB.png?v=1438625407,"4, 5, 9, 12, 19"
pure-city-headlamp,Pure City Headlamp,Pure Fix Cycles,Light,"Accessories, City Accessories, Essential, Light, Lights, Pure City, Safety Gear, Silver",20,https://cdn.shopify.com/s/files/1/0923/8062/products/Head-Light-Chrome_WEB_1c72310a-67f8-4f91-81dc-bff09e8b03d9.jpeg?v=1438625320,"1, 5, 10, 12, 15"
orp-horn-light,Orp Horn + Light,Torcano Industries,Light,"Accessories, Black, Blue, Essential, Essentials, Glow, Lights, Orange, Red, Safety Gear, White",65,https://cdn.shopify.com/s/files/1/0923/8062/products/ORP_BLACK_2014_SEAMLESS_FRONT_WEB.jpeg?v=1438624837,"1, 6, 8, 16, 17"
monkeylight-m204-wheel-light,Monkeylight M204 Wheel Light,Monkeylectric,Light,Lights,26,https://cdn.shopify.com/s/files/1/0923/8062/products/m204-wheel-front-web.jpeg?v=1438624690,"3, 6, 14, 18, 19"
planet-bike-superflash-taillight,SuperFlash Taillight,Planet Bike,Light,"Accessories, Alloy, Black, Essential, Essentials, Light, Lights, Pure Fix Cycles, Safety, Safety Gear",28.99,https://cdn.shopify.com/s/files/1/0923/8062/products/planet-bike-superflash-taillight-WEB.jpeg?v=1438624606,"1, 2, 6, 18, 20"
aviator-afterburner,Aviator + Afterburner,Fortified,Light,"Accessories, ess, Essential, Essentials, Lights, Safety, Safety Gear",99,https://cdn.shopify.com/s/files/1/0923/8062/products/track-item_0000_AVAB_Angle.jpeg?v=1438624599,"1, 5, 10, 12, 15"
kryptonite-keeper-12-u-lock,Kryptonite 12 U-Lock,Kryptonite,Lock,"Accessories, Essential, Essentials, Lock, Locks, Safety, Safety Gear, Tools and Maintenance",20,https://cdn.shopify.com/s/files/1/0923/8062/products/kryptonite_1.jpeg?v=1438625986,"5, 8, 12, 13, 17"
kryptonite-keeper-chain-lock,Kryptonite Keeper,Kryptonite,Lock,"Accessories, Essential, Essentials, Lock, Locks, Safety, Safety Gear",25,https://cdn.shopify.com/s/files/1/0923/8062/products/kryptonite_chain_lock_1.jpeg?v=1438625985,"3, 6, 14, 17, 19"
kryptonite-keeper-padlock,Kryptonite Keeper Padlock,Kryptonite,Lock,"Essential, Essentials, Lock, Locks, Safety",25,https://cdn.shopify.com/s/files/1/0923/8062/products/keeper-lock_1.png?v=1438625984,"3, 5, 8, 13, 19"
kryptonite-evolution,Kryptonite Evolution Lock,Kryptonite,Lock,"Accessories, Essential, Essentials, Lock, Locks, Safety, Safety Gear, Tools and Maintenance",69,https://cdn.shopify.com/s/files/1/0923/8062/products/Evolution-Mini-7.jpeg?v=1438625483,"1, 5, 10, 12, 15"
hiplok-lite,Hiplok Lite,Hiplok,Lock,"Accessories, Essential, Essentials, Hiplok, Lock, Locks, Safety, Safety Gear",69.99,https://cdn.shopify.com/s/files/1/0923/8062/products/hiplok-yellow.jpeg?v=1438625466,"2, 3, 4, 10, 13"
hiplok-pop-lock,Hiplok Pop Lock,Hiplok,Lock,"Accessories, Black, Blue, Cream, Essential, Essentials, Green, Hiplok, Lock, Locks, Neon Green, Safety, Safety Gear",29.99,https://cdn.shopify.com/s/files/1/0923/8062/products/hiplok-pop-web_0000_Layer_5.jpeg?v=1438625107,"2, 9, 14, 18, 20"
inter-lock-integrated-bike-lock,Interlock Integrated Bike Lock,InterLock,Lock,"Accessories, Locks, Saddles and Seatposts, Seatposts and Clamps",59.99,https://cdn.shopify.com/s/files/1/0923/8062/products/Interlock_Black_3RD_WEB.jpeg?v=1438625046,"3, 6, 12, 14, 18"
hiplok-dlock,Hiplok DLock,Hiplok,Lock,"Accessories, Essential, Essentials, Hiplok, Lock, Locks, Safety, Safety Gear",84.99,https://cdn.shopify.com/s/files/1/0923/8062/products/Hiplock_RedBlack_Seamless_Side_1.jpeg?v=1438624686,"5, 7, 14, 15, 17"
messenger-mini-u-lock,Messenger Mini U-lock,Kryptonite,Lock,"Accessories, Essential, Essentials, Lock, Locks, Safety, Safety Gear, Tool, Tools and Maintenance",85.95,https://cdn.shopify.com/s/files/1/0923/8062/products/Kryptonite-Messenger-U-Lock-WEB.jpeg?v=1438624594,"1, 7, 13, 18, 19"
kryptonite-messenger-chain-and-molly-lock,Kryptonite Messenger Chain and Molly Lock,Kryptonite,Lock,"Accessories, Essential, Essentials, Lock, Locks, Safety, Safety Gear, Tools and Maintenance",76.95,https://cdn.shopify.com/s/files/1/0923/8062/products/Kryptonite-Messenger-Chain-and-Molly-Lock.jpeg?v=1438624590,"2, 3, 4, 10, 13"
shimano-dura-ace-lockring,Shimano Dura-Ace Lockring,Shimano,Lockrings,"Black, Cogs, Cogs and Lockrings, Drivetrain, Dura-Ace, Lockring, Lockrings, Parts",15,https://cdn.shopify.com/s/files/1/0923/8062/products/dura-ace-lock-ring.jpeg?v=1438625125,"2, 4, 5, 9, 10"
