title,street,city,state,zip,country,lat,lng,phone,email,website,open_hours,
Aberdeen Royal Infirmary ,Foresterhill,Aberdeen,Scotland,AB25 2ZN,United Kingdom,57.154977,-2.1361221,232-578-421,demo@wpmaps.com,https://google.com,mon=0|tue=0|wed=0|thu=0|fri=0|sat=0|sun=0,
Addenbrookes Hospital,Hills Rd,Cambridge,East Anglia,CB2 0QQ,United Kingdom,52.173741,0.13911444,232-578-422,demo@wpmaps.com,https://google.com,mon=0|tue=0|wed=0|thu=0|fri=0|sat=0|sun=0,
Airedale NHS Trust,Skipton Road,"Steeton, Keighley, West Yorkshire",North East,BD20 6TD,United Kingdom,53.898015,-1.9626947,232-578-423,demo@wpmaps.com,https://google.com,mon=0|tue=0|wed=0|thu=0|fri=0|sat=0|sun=0,
Ashford Hospital,London Road,"Ashford, Surrey",SE Coast,TW15 3AA,United Kingdom,51.444102,-0.47270932,232-578-424,demo@wpmaps.com,https://google.com,mon=0|tue=0|wed=0|thu=0|fri=0|sat=0|sun=0,
St Peters Hospital,Guildford Road,"Chertsey, Surrey",SE Coast,KT16 0PZ,United Kingdom,51.377091,-0.52683986,232-578-425,demo@wpmaps.com,https://google.com,,mon=0|tue=0|wed=0|thu=0|fri=0|sat=0|sun=0
Ayr Hospital ,Dalmellington Road,Ayr,Scotland,KA6 6DX,United Kingdom,55.430476,-4.5945722,232-578-426,demo@wpmaps.com,https://google.com,mon=0|tue=0|wed=0|thu=0|fri=0|sat=0|sun=0,
Basingstoke and North Hampshire Hosital,Aldermaston Road,Basingstoke,North London,RG24 9NA,United Kingdom,51.280615,-1.1098753,232-578-427,demo@wpmaps.com,https://google.com,mon=0|tue=0|wed=0|thu=0|fri=0|sat=0|sun=0,
Birmingham Womens Hospital,Mindelsohn Way,Birmingham,Midlands,B15 2TG,United Kingdom,52.453185,-1.9422432,232-578-428,demo@wpmaps.com,https://google.com,mon=0|tue=0|wed=0|thu=0|fri=0|sat=0|sun=0,
Huddersfield Royal Infirmary,Acre Street,Huddersfield,North East,HD3 3EA,United Kingdom,53.655483,-1.8163381,232-578-429,demo@wpmaps.com,https://google.com,mon=0|tue=0|wed=0|thu=0|fri=0|sat=0|sun=0,
Manchester Royal Infirmary ,Oxford Rd,Manchester,North West,M13 9WL,United Kingdom,53.461426,-2.2247084,232-578-430,demo@wpmaps.com,https://google.com,mon=0|tue=0|wed=0|thu=0|fri=0|sat=0|sun=0,
Chelsea and Westminster Hosp,369 Fulham Rd,Chelsea,North London,SW10 9NH,United Kingdom,51.48426,-0.18145876,232-578-431,demo@wpmaps.com,https://google.com,mon=0|tue=0|wed=0|thu=0|fri=0|sat=0|sun=0,
Crosshouse University Hospital,Kilmarnock Rd,"Crosshouse, Kilmarnock",Scotland,KA2 0BE,United Kingdom,55.61394,-4.5394087,232-578-432,demo@wpmaps.com,https://google.com,mon=0|tue=0|wed=0|thu=0|fri=0|sat=0|sun=0,
Croydon University Hospital,530 London Rd,Croydon,South London,CR7 7YE,United Kingdom,51.389129,-0.10878318,232-578-433,demo@wpmaps.com,https://google.com,mon=0|tue=0|wed=0|thu=0|fri=0|sat=0|sun=0,
"Darenth Valley Hospital, Dartford",Darenth Wood Road,"Dartford, Kent",South London,DA2 8DA,United Kingdom,51.435061,0.25816101,232-578-434,demo@wpmaps.com,https://google.com,mon=0|tue=0|wed=0|thu=0|fri=0|sat=0|sun=0,
Ealing Hospital,Uxbridge Rd,Southall,North London,UB1 3HW,United Kingdom,51.506988,-0.34633924,232-578-435,demo@wpmaps.com,https://google.com,mon=0|tue=0|wed=0|thu=0|fri=0|sat=0|sun=0,
Epsom General Hospital,Dorking Rd,Epsom,South London,KT18 7EG,United Kingdom,51.325026,-0.27340744,232-578-436,demo@wpmaps.com,https://google.com,mon=0|tue=0|wed=0|thu=0|fri=0|sat=0|sun=0,
Forth Valley Hospital,Stirling Road,Larbert,Scotland,FK5 4WR,United Kingdom,56.025551,-3.8480945,232-578-437,demo@wpmaps.com,https://google.com,mon=0|tue=0|wed=0|thu=0|fri=0|sat=0|sun=0,
Friarage Hospital ,The Friarage,"Northallerton, North Yorkshire",North East,DL6 1JG,United Kingdom,54.342627,-1.4303761,232-578-438,demo@wpmaps.com,https://google.com,mon=0|tue=0|wed=0|thu=0|fri=0|sat=0|sun=0,
Frimley Park Hospital,Portsmouth Rd,"Frimley, Camberley",North London,GU16 7UJ,United Kingdom,51.31967,-0.74155505,232-578-439,demo@wpmaps.com,https://google.com,mon=0|tue=0|wed=0|thu=0|fri=0|sat=0|sun=0,
Gartnavel Hospital,1053 Great Western Rd,Glasgow,Scotland,G12 0YN,United Kingdom,55.883642,-4.3128532,232-578-440,demo@wpmaps.com,https://google.com,mon=0|tue=0|wed=0|thu=0|fri=0|sat=0|sun=0,
Goring Hall Hospital,Bodiam Avenue,"Goring-by-Sea, West Sussex",SE Coast,BN12 5AT,United Kingdom,50.811556,-0.43221054,232-578-441,demo@wpmaps.com,https://google.com,mon=0|tue=0|wed=0|thu=0|fri=0|sat=0|sun=0,
"Diana, Princess of Wales Hospital",Scartho Road,Grimsby,North East,DN33 2BA,United Kingdom,53.544866,-0.096213098,232-578-442,demo@wpmaps.com,https://google.com,mon=0|tue=0|wed=0|thu=0|fri=0|sat=0|sun=0,
Guys Hospital,Great Maze Pond / Westminster Bridge Road,London,SE Coast,SE1 7EH,United Kingdom,51.497908,-0.1196707,232-578-443,demo@wpmaps.com,https://google.com,mon=0|tue=0|wed=0|thu=0|fri=0|sat=0|sun=0,
Hallamshire Sheffield,Glossop Rd,Sheffield,North East,S10 2JF,United Kingdom,53.378472,-1.4934651,232-578-444,demo@wpmaps.com,https://google.com,mon=0|tue=0|wed=0|thu=0|fri=0|sat=0|sun=0,
Harrogate District Hospital,Lancaster Park Rd,Harrogate ,North East,HG2 7SX,United Kingdom,53.993799,-1.5178329,232-578-445,demo@wpmaps.com,https://google.com,mon=0|tue=0|wed=0|thu=0|fri=0|sat=0|sun=0,
Heartlands Hospital,Bordesley Green E,Birmingham,Midlands,B9 5SS,United Kingdom,52.480218,-1.8299656,232-578-446,demo@wpmaps.com,https://google.com,mon=0|tue=0|wed=0|thu=0|fri=0|sat=0|sun=0,
Hillingdon Hospital,Pield Heath Road,Uxbridge,North London,UB8 3NN,United Kingdom,51.525516,-0.46090535,232-578-447,demo@wpmaps.com,https://google.com,mon=0|tue=0|wed=0|thu=0|fri=0|sat=0|sun=0,
Hinchingbrooke Hospital ,Parkway,"Hinchingbrooke, Huntingdon",East Anglia ,PE29 6NT,United Kingdom,52.33335,-0.2026787,232-578-448,demo@wpmaps.com,https://google.com,mon=0|tue=0|wed=0|thu=0|fri=0|sat=0|sun=0,
James Cook University Hosp,Marton Rd,Middlesbrough,North East,TS4 3BW,United Kingdom,54.552075,-1.2142736,232-578-449,demo@wpmaps.com,https://google.com,mon=0|tue=0|wed=0|thu=0|fri=0|sat=0|sun=0,
John Radcliffe Hospital,Headley Way,"Headington, Oxford",North London,OX3 9DU,United Kingdom,51.763871,-1.2198064,232-578-450,demo@wpmaps.com,https://google.com,mon=0|tue=0|wed=0|thu=0|fri=0|sat=0|sun=0,
Kings Mill Hospital,Mansfield Rd,Sutton-in-Ashfield ,Midlands,NG17 4JL,United Kingdom,53.134692,-1.2380927,232-578-451,demo@wpmaps.com,https://google.com,mon=0|tue=0|wed=0|thu=0|fri=0|sat=0|sun=0,
Kingston Hospital,Galsworthy Road,Kingston upon Thames,South London,KT2 7QB,United Kingdom,51.414285,-0.28308997,232-578-452,demo@wpmaps.com,https://google.com,mon=0|tue=0|wed=0|thu=0|fri=0|sat=0|sun=0,
Leighton Hospital Crewe,Middlewich Road,Crewe,North West,CW1 4QJ,United Kingdom,53.117685,-2.4758631,232-578-453,demo@wpmaps.com,https://google.com,mon=0|tue=0|wed=0|thu=0|fri=0|sat=0|sun=0,
Lewisham Hospital,Lewisham High Street,London,South London,SE13 6LW,United Kingdom,51.453646,-0.017022889,232-578-454,demo@wpmaps.com,https://google.com,mon=0|tue=0|wed=0|thu=0|fri=0|sat=0|sun=0,
Lincoln County Hospital,Greetwell Road,Lincoln,North East,LN2 5QY,United Kingdom,53.232388,-0.51814791,232-578-455,demo@wpmaps.com,https://google.com,mon=0|tue=0|wed=0|thu=0|fri=0|sat=0|sun=0,
Luton and Dunstable University Hospital,Lewsey Road,Luton,North London,LU4 0DZ,United Kingdom,51.894177,-0.47426894,232-578-456,demo@wpmaps.com,https://google.com,mon=0|tue=0|wed=0|thu=0|fri=0|sat=0|sun=0,
Medway Hospital,Windmill Road,"Gillingham, Kent",SE Coast,ME7 5NY,United Kingdom,51.378267,0.54221759,232-578-457,demo@wpmaps.com,https://google.com,mon=0|tue=0|wed=0|thu=0|fri=0|sat=0|sun=0,
Milton Keynes General Hospital,Standing Way,"Eaglestone, Milton Keynes",North London,MK6 5LD,United Kingdom,52.026383,-0.73579539,232-578-458,demo@wpmaps.com,https://google.com,mon=0|tue=0|wed=0|thu=0|fri=0|sat=0|sun=0,
Musgrove Park Hospital,Parkfield Dr,Taunton,South West,TA1 5DA,United Kingdom,51.01197,-3.1197783,232-578-459,demo@wpmaps.com,https://google.com,mon=0|tue=0|wed=0|thu=0|fri=0|sat=0|sun=0,
The Royal Victoria Infirmary ,Queen Victoria Road,Newcastle upon Tyne,North East,NE1 4LP,United Kingdom,54.979753,-1.6181094,232-578-460,demo@wpmaps.com,https://google.com,mon=0|tue=0|wed=0|thu=0|fri=0|sat=0|sun=0,
Norfolk and Norwich,Colney Lane,Norwich,East Anglia,NR4 7UY,United Kingdom,52.618086,1.2210668,232-578-461,demo@wpmaps.com,https://google.com,mon=0|tue=0|wed=0|thu=0|fri=0|sat=0|sun=0,
North Middlesex Hospital,Sterling Way,London,North London,N18 1QX,United Kingdom,51.613122,-0.074340604,232-578-462,demo@wpmaps.com,https://google.com,mon=0|tue=0|wed=0|thu=0|fri=0|sat=0|sun=0,
Northern General Hospital,Herries Road,Sheffield,North East,S5 7AU,United Kingdom,53.423278,-1.4541389,232-578-463,demo@wpmaps.com,https://google.com,mon=0|tue=0|wed=0|thu=0|fri=0|sat=0|sun=0,
Nottingham City Hospital,Hucknall Road,Nottingham,Midlands,NG5 1PB,United Kingdom,52.989277,-1.16006,232-578-464,demo@wpmaps.com,https://google.com,mon=0|tue=0|wed=0|thu=0|fri=0|sat=0|sun=0,
Peterborough City Hospital,Edith Cavell Campus,"Bretton Gate, Peterborough",East Anglia,PE3 9GZ,United Kingdom,52.585451,-0.28009333,232-578-465,demo@wpmaps.com,https://google.com,mon=0|tue=0|wed=0|thu=0|fri=0|sat=0|sun=0,
Salisbury District Hospital,Odstock Rd,"Salisbury, Wiltshire",South West,SP2 8BJ,United Kingdom,51.043955,-1.7898225,232-578-466,demo@wpmaps.com,https://google.com,mon=0|tue=0|wed=0|thu=0|fri=0|sat=0|sun=0,
Royal Shrewsbury Hospital,Mytton Oak Rd,Shrewsbury,Midlands,SY3 8XQ,United Kingdom,52.709357,-2.7937517,232-578-467,demo@wpmaps.com,https://google.com,mon=0|tue=0|wed=0|thu=0|fri=0|sat=0|sun=0,
Singleton Hospital,Sketty Ln,"Sketty, Swansea",Wales,SA2 8QA,United Kingdom,51.609215,-3.9852627,232-578-468,demo@wpmaps.com,https://google.com,mon=0|tue=0|wed=0|thu=0|fri=0|sat=0|sun=0,
Southampton General Hospital ,Tremona Road,"Southampton, Hampshire",South West,SO16 6YD,United Kingdom,50.933019,-1.435104,232-578-469,demo@wpmaps.com,https://google.com,mon=0|tue=0|wed=0|thu=0|fri=0|sat=0|sun=0,
Southend University Hospital,Prittlewell Chase,"Southend-on-Sea, Westcliff-on-Sea",East Anglia,SS0 0RY,United Kingdom,51.553836,0.68909337,232-578-470,demo@wpmaps.com,https://google.com,mon=0|tue=0|wed=0|thu=0|fri=0|sat=0|sun=0,
Southmead Hospital,Southmead Rd,"Westbury-on-Trym, Bristol",Midlands,BS10 5NB,United Kingdom,51.497333,-2.5929485,232-578-471,demo@wpmaps.com,https://google.com,mon=0|tue=0|wed=0|thu=0|fri=0|sat=0|sun=0,
Southport and Ormskirk,Town Lane,Kew Southport Merseyside,North West,PR8 6PN,United Kingdom,53.6328787,-2.9765946,232-578-472,demo@wpmaps.com,https://google.com,mon=0|tue=0|wed=0|thu=0|fri=0|sat=0|sun=0,
St James's University Hospital,Beckett St,Leeds,North East,LS9 7TF,United Kingdom,53.807296,-1.5190784,232-578-473,demo@wpmaps.com,https://google.com,mon=0|tue=0|wed=0|thu=0|fri=0|sat=0|sun=0,
St John's Hospital,Howden Road West,"Howden, Livingston",Scotland,EH54 6PP,United Kingdom,55.891888,-3.5230894,232-578-474,demo@wpmaps.com,https://google.com,mon=0|tue=0|wed=0|thu=0|fri=0|sat=0|sun=0,
Stepping Hill,Poplar Grove,"Hazel Grove, Stockport",North West,SK2 7JE,United Kingdom,53.383787,-2.1320199,232-578-475,demo@wpmaps.com,https://google.com,mon=0|tue=0|wed=0|thu=0|fri=0|sat=0|sun=0,
Stoke Mandeville,Mandeville Rd,Aylesbury,North London,HP21 8AL,United Kingdom,51.798308,-0.80275732,232-578-476,demo@wpmaps.com,https://google.com,mon=0|tue=0|wed=0|thu=0|fri=0|sat=0|sun=0,
Sunderland Royal Hospital,Kayll Rd,Sunderland,North East,SR4 7TP,United Kingdom,54.903063,-1.4110182,232-578-477,demo@wpmaps.com,https://google.com,mon=0|tue=0|wed=0|thu=0|fri=0|sat=0|sun=0,
University College Hospital,235 Euston Rd,"Fitzrovia, London",North London,NW1 2BU,United Kingdom,51.524865,-0.13701251,232-578-478,demo@wpmaps.com,https://google.com,mon=0|tue=0|wed=0|thu=0|fri=0|sat=0|sun=0,
University Hospital Coventry,Clifford Bridge Rd,Coventry ,Midlands,CV2 2DX,United Kingdom,52.421424,-1.4435031,232-578-479,demo@wpmaps.com,https://google.com,mon=0|tue=0|wed=0|thu=0|fri=0|sat=0|sun=0,
University Hospital Wales,Heath Park Way,"Health Park, Cardiff",Wales,CF14 4XW,United Kingdom,51.506764,-3.1893604,232-578-480,demo@wpmaps.com,https://google.com,mon=0|tue=0|wed=0|thu=0|fri=0|sat=0|sun=0,
Victoria Infirmary,52 Grange Rd,Glasgow,Scotland,G42 9LF,United Kingdom,55.828606,-4.2653542,232-578-481,demo@wpmaps.com,https://google.com,mon=0|tue=0|wed=0|thu=0|fri=0|sat=0|sun=0,
Warrington Hospital,Lovely Ln,Warrington,North West,WA5 1QG,United Kingdom,53.393982,-2.6107326,232-578-482,demo@wpmaps.com,https://google.com,mon=0|tue=0|wed=0|thu=0|fri=0|sat=0|sun=0,
Warwick Hospital,Lakin Rd,Warwick,Midlands,CV34 5BW,United Kingdom,52.28995,-1.5832152,232-578-483,demo@wpmaps.com,https://google.com,mon=0|tue=0|wed=0|thu=0|fri=0|sat=0|sun=0,
Wexham Park Hospital ,Wexham,Slough,North London,SL2 4HL,United Kingdom,51.533136,-0.57512489,232-578-484,demo@wpmaps.com,https://google.com,mon=0|tue=0|wed=0|thu=0|fri=0|sat=0|sun=0,
Wirral Women and Children's Hospital,Birkenhead,Wirral,North West,CH49 5PE,United Kingdom,53.370841,-3.0954486,232-578-485,demo@wpmaps.com,https://google.com,mon=0|tue=0|wed=0|thu=0|fri=0|sat=0|sun=0,
Worcestershire Royal Hospital,Charles Hastings Way,Worcester,Midlands,WR5 1DD,United Kingdom,52.191202,-2.1811435,232-578-486,demo@wpmaps.com,https://google.com,mon=0|tue=0|wed=0|thu=0|fri=0|sat=0|sun=0,
Royal Albert Edward Infirmary,Wigan Ln,Wigan ,North West,WN1 2NN,United Kingdom,53.557549,-2.6295261,232-578-487,demo@wpmaps.com,https://google.com,mon=0|tue=0|wed=0|thu=0|fri=0|sat=0|sun=0,
Leigh Infirmary,The Avenue,Leigh,North West,WN7 1HS,United Kingdom,53.504882,-2.5137524,232-578-488,demo@wpmaps.com,https://google.com,mon=0|tue=0|wed=0|thu=0|fri=0|sat=0|sun=0,
"Queen Elizabeth Hospital, Woolwich",Stadium Road,"Woolwich, London ",South London,SE18 4QH,United Kingdom,51.478577,0.048691764,232-578-489,demo@wpmaps.com,https://google.com,mon=0|tue=0|wed=0|thu=0|fri=0|sat=0|sun=0,
"Queen Elizabeth Hospital, Kings Lynn",Gayton Road,King's Lynn,East Anglia ,PE30 4ET,United Kingdom,52.756781,0.44699931,232-578-490,demo@wpmaps.com,https://google.com,mon=0|tue=0|wed=0|thu=0|fri=0|sat=0|sun=0,
"Queen Mary's Hospital, Sidcup",Frognal Ave,Sidcup,SE Coast,DA14 6LT,United Kingdom,51.418635,0.10325318,232-578-491,demo@wpmaps.com,https://google.com,mon=0|tue=0|wed=0|thu=0|fri=0|sat=0|sun=0,
Queens Hospital,Rom Valley Way,Romford,North London,RM7 0AG,United Kingdom,51.568622,0.17891397,232-578-492,demo@wpmaps.com,https://google.com,mon=0|tue=0|wed=0|thu=0|fri=0|sat=0|sun=0,
Raigmore Hospital,Old Perth Road,Inverness,Scotland,IV2 3UJ,United Kingdom,57.473823,-4.1924716,232-578-493,demo@wpmaps.com,https://google.com,mon=0|tue=0|wed=0|thu=0|fri=0|sat=0|sun=0,
Royal Bournemouth Hospital,Castle Lane East,Bournemouth,South West,BH7 7DW,United Kingdom,50.747482,-1.8205054,232-578-494,demo@wpmaps.com,https://google.com,mon=0|tue=0|wed=0|thu=0|fri=0|sat=0|sun=0,
Royal Derby Hospital,Uttoxeter Road,Derby,Midlands,DE22 3NE,United Kingdom,52.911556,-1.5133206,232-578-495,demo@wpmaps.com,https://google.com,mon=0|tue=0|wed=0|thu=0|fri=0|sat=0|sun=0,
Royal Gwent Hospital,Cardiff Road,Newport,Wales,NP20 2UB,United Kingdom,51.579798,-2.9981523,232-578-496,demo@wpmaps.com,https://google.com,mon=0|tue=0|wed=0|thu=0|fri=0|sat=0|sun=0,
Royal Salford Hospital,Stott Ln,Salford,North West,M6 8HD,United Kingdom,53.487232,-2.3226835,232-578-497,demo@wpmaps.com,https://google.com,mon=0|tue=0|wed=0|thu=0|fri=0|sat=0|sun=0,
Royal United Hospital,Combe Park,"Bath, Avon",Midlands,BA1 3NG,United Kingdom,51.392764,-2.3905661,232-578-498,demo@wpmaps.com,https://google.com,mon=0|tue=0|wed=0|thu=0|fri=0|sat=0|sun=0,
New Cross Hospital,Wolverhampton Rd,"Heath Town, Wolverhampton",Midlands,WV10 0QP,United Kingdom,52.598247,-2.0963786,232-578-499,demo@wpmaps.com,https://google.com,mon=0|tue=0|wed=0|thu=0|fri=0|sat=0|sun=0,
Princess Royal Hospital,Lewes Road,Haywards Heath ,SE Coast,RH16 4EX,United Kingdom,50.991198,-0.091075995,232-578-500,demo@wpmaps.com,https://google.com,mon=0|tue=0|wed=0|thu=0|fri=0|sat=0|sun=0,
Princess Royal University Hospital,Farnborough Common,Orpington,South London,BR6 8ND,United Kingdom,51.365713,0.059625435,232-578-501,demo@wpmaps.com,https://google.com,mon=0|tue=0|wed=0|thu=0|fri=0|sat=0|sun=0,
Queen Elizabeth The Queen Mother Hospital,St Peter's Road,Margate,SE Coast,CT9 4AN,United Kingdom,51.378053,1.3893845,232-578-502,demo@wpmaps.com,https://google.com,mon=0|tue=0|wed=0|thu=0|fri=0|sat=0|sun=0,
Queen Alexandra Hospital,Southwick Hill Road,"Cosham, Portsmouth",South West,PO6 3LY,United Kingdom,50.849589,-1.0713238,232-578-503,demo@wpmaps.com,https://google.com,mon=0|tue=0|wed=0|thu=0|fri=0|sat=0|sun=0,
Dewsbury and District Hospital,Halifax Rd,Dewsbury,North East,WF13 4HS,United Kingdom,53.7011733,-1.6422302,232-578-504,demo@wpmaps.com,https://google.com,mon=09:30 AM - 06:30 PM|tue=09:30 AM - 06:30 PM|wed=09:30 AM - 06:30 PM|thu=09:30 AM - 06:30 PM|fri=09:30 AM - 06:30 PM|sat=09:30 AM - 06:30 PM|sun=09:30 AM - 06:30 PM,
Pinderfields General Hospital,Aberford Rd,Wakefield,North East,WF1 4DG,United Kingdom,53.6945276,-1.4846027,232-578-505,demo@wpmaps.com,https://google.com,mon=09:30 AM - 06:30 PM|tue=09:30 AM - 06:30 PM|wed=09:30 AM - 06:30 PM|thu=09:30 AM - 06:30 PM|fri=09:30 AM - 06:30 PM|sat=09:30 AM - 06:30 PM|sun=09:30 AM - 06:30 PM,
Pontefract General Infirmary,Friarwood Ln,Pontefract,North East,WF8 1PL,United Kingdom,53.6890839,-1.3088523,232-578-506,demo@wpmaps.com,https://google.com,mon=09:30 AM - 06:30 PM|tue=09:30 AM - 06:30 PM|wed=09:30 AM - 06:30 PM|thu=09:30 AM - 06:30 PM|fri=09:30 AM - 06:30 PM|sat=09:30 AM - 06:30 PM|sun=09:30 AM - 06:30 PM,
Chorley and South Ribble District General Hospital,Chorley and South Ribble District General Hospital,Chorley,North West,PR7 1PP,United Kingdom,53.665564,-2.6357481,232-578-507,demo@wpmaps.com,https://google.com,mon=09:30 AM - 06:30 PM|tue=09:30 AM - 06:30 PM|wed=09:30 AM - 06:30 PM|thu=09:30 AM - 06:30 PM|fri=09:30 AM - 06:30 PM|sat=09:30 AM - 06:30 PM|sun=09:30 AM - 06:30 PM,
Royal Preston Hospital,Sharoe Green Lane North,"Fulwood, Preston",North West,PR2 9HT,United Kingdom,53.7911972,-2.7034504000001,232-578-508,demo@wpmaps.com,https://google.com,mon=09:30 AM - 06:30 PM|tue=09:30 AM - 06:30 PM|wed=09:30 AM - 06:30 PM|thu=09:30 AM - 06:30 PM|fri=09:30 AM - 06:30 PM|sat=09:30 AM - 06:30 PM|sun=09:30 AM - 06:30 PM,
Western General Hospital ,Crewe Rd S,Edinburgh,,EH4 2XU,United Kingdom,55.961652,-3.2360556,232-578-509,demo@wpmaps.com,https://google.com,mon=0|tue=0|wed=0|thu=0|fri=0|sat=0|sun=0,
Burnley General Hospital,Casterton Avenue,Burnley,,BB10 2PQ,United Kingdom,53.810178,-2.2292746,232-578-510,demo@wpmaps.com,https://google.com,mon=0|tue=0|wed=0|thu=0|fri=0|sat=0|sun=0,
Solihull Hospital,Lode Lane ,Solihull,,B91 2JL,United Kingdom,52.417123,-1.7743654,232-578-511,demo@wpmaps.com,https://google.com,mon=0|tue=0|wed=0|thu=0|fri=0|sat=0|sun=0,
East Sussex Healthcare trust,The Ridge,East Sussex,,TN37 7RD,United Kingdom,50.8853731,0.56770789999996,232-578-512,demo@wpmaps.com,https://google.com,mon=0|tue=0|wed=0|thu=0|fri=0|sat=0|sun=0,
Royal Berkshire Hospital,Craven Rd,Reading,,RG1 5AN,United Kingdom,51.451402,-0.95864504,232-578-513,demo@wpmaps.com,https://google.com,mon=0|tue=0|wed=0|thu=0|fri=0|sat=0|sun=0,
York Hospital,Wigginton Road,York,,YO31 8HE,United Kingdom,53.970547,-1.0836401,232-578-514,demo@wpmaps.com,https://google.com,mon=0|tue=0|wed=0|thu=0|fri=0|sat=0|sun=0,
Derriford Hospital,"Derriford Rd, Crownhill",Plymouth,,PL6 8DH,United Kingdom,50.41672,-4.1136845,232-578-515,demo@wpmaps.com,https://google.com,mon=0|tue=0|wed=0|thu=0|fri=0|sat=0|sun=0,
Royal Cornwall Hospital,Treliske, Truro ,,TR1 3LQ,United Kingdom,50.267934,-5.0946045,232-578-516,demo@wpmaps.com,https://google.com,mon=0|tue=0|wed=0|thu=0|fri=0|sat=0|sun=0,
Bradford Royal Infirmary,Duckworth Ln,Bradford,,BD9 6RJ,United Kingdom,53.80536,-1.7944646,232-578-517,demo@wpmaps.com,https://google.com,mon=0|tue=0|wed=0|thu=0|fri=0|sat=0|sun=0,
Spire Southbank Hospital,Bath Road,Worecester,West Midlands,WR53YB,United Kingdom,52.181227,-2.2160134,232-578-518,demo@wpmaps.com,https://google.com,mon=0|tue=0|wed=0|thu=0|fri=0|sat=0|sun=0,
Spire Murryfield Hospital ,122 Corstorphine Rd,Edinburgh,North,EH12 6UD,United Kingdom,55.944489,-3.2662035,232-578-519,demo@wpmaps.com,https://google.com,mon=0|tue=0|wed=0|thu=0|fri=0|sat=0|sun=0,
King Edward VII's Hospital ,Beumont Street,London,South East,W1G 6AA,United Kingdom,51.520778,-0.15032527,232-578-520,demo@wpmaps.com,https://google.com,mon=0|tue=0|wed=0|thu=0|fri=0|sat=0|sun=0,
BMI The Beardwood Hospital,Preston New Rd,Blackburn ,North West,BB2 7AE,United Kingdom,53.755136,-2.513269,232-578-521,demo@wpmaps.com,https://google.com,mon=0|tue=0|wed=0|thu=0|fri=0|sat=0|sun=0,
Spire Parkway Hospital ,1 Damson Parkway,Solihull ,West Midlands,B91 2PP,United Kingdom,52.421884,-1.7631361,232-578-522,demo@wpmaps.com,https://google.com,mon=0|tue=0|wed=0|thu=0|fri=0|sat=0|sun=0,
Reading Urology partnership at The Forbury Clinic,11 Kendrick Road,Reading,Midlands,RG15DN,United Kingdom,51.44882,-0.96458951,232-578-523,demo@wpmaps.com,https://google.com,mon=0|tue=0|wed=0|thu=0|fri=0|sat=0|sun=0,
The Yorkshire Clinic,Bradford Road,Bingley,North East,BD16 ITW ,United Kingdom,53.832002,-1.8179989,232-578-524,demo@wpmaps.com,https://google.com,mon=0|tue=0|wed=0|thu=0|fri=0|sat=0|sun=0,
The Dutchy Hospital, Penventinnie Ln,Truro ,South West,TR1 3UP,United Kingdom,50.267934,-5.093566,232-578-525,demo@wpmaps.com,https://google.com,mon=0|tue=0|wed=0|thu=0|fri=0|sat=0|sun=0,
Spire Hospital Cardiff ,Glamorgan House,Cardiff,South West,CF23 8XL,United Kingdom,51.531147,-3.1417433,232-578-526,demo@wpmaps.com,https://google.com,mon=0|tue=0|wed=0|thu=0|fri=0|sat=0|sun=0,
Leigh Infirmary,The Avenue,Leigh,North West,WN7 1HS,United Kingdom,53.504882,-2.5137524,232-578-527,demo@wpmaps.com,https://google.com,mon=0|tue=0|wed=0|thu=0|fri=0|sat=0|sun=0,
Spire Little Aston,Little Aston Hall Drive,Sutton Coldfield,West Midlands,B74 3UD,United Kingdom,52.60206,-1.8594088,232-578-528,demo@wpmaps.com,https://google.com,mon=0|tue=0|wed=0|thu=0|fri=0|sat=0|sun=0,
St Mary's Hospital,Praed Street,London,,W2 1NY,United Kingdom,51.5171233,-0.17421190000005,232-578-529,demo@wpmaps.com,https://google.com,mon=09:30 AM - 06:30 PM|tue=09:30 AM - 06:30 PM|wed=09:30 AM - 06:30 PM|thu=09:30 AM - 06:30 PM|fri=09:30 AM - 06:30 PM|sat=09:30 AM - 06:30 PM|sun=09:30 AM - 06:30 PM,
Queen Charlotte's and Chelsea Hospital,Du Cane Road,London,,W12 0HS,United Kingdom,51.5160128,-0.23675789999993,232-578-530,demo@wpmaps.com,https://google.com,mon=09:30 AM - 06:30 PM|tue=09:30 AM - 06:30 PM|wed=09:30 AM - 06:30 PM|thu=09:30 AM - 06:30 PM|fri=09:30 AM - 06:30 PM|sat=09:30 AM - 06:30 PM|sun=09:30 AM - 06:30 PM,
The Princess Grace Hospital,42-52 Nottingham Place,London,,W1U 5NY,United Kingdom,51.5223946,-0.15290770000001,232-578-531,demo@wpmaps.com,https://google.com,mon=09:30 AM - 06:30 PM|tue=09:30 AM - 06:30 PM|wed=09:30 AM - 06:30 PM|thu=09:30 AM - 06:30 PM|fri=09:30 AM - 06:30 PM|sat=09:30 AM - 06:30 PM|sun=09:30 AM - 06:30 PM,
Spire London East Hospital,Roding Lane South,Ilford,,IG45PZ ,United Kingdom,51.5872488,0.044959100000028,232-578-532,demo@wpmaps.com,https://google.com,mon=09:30 AM - 06:30 PM|tue=09:30 AM - 06:30 PM|wed=09:30 AM - 06:30 PM|thu=09:30 AM - 06:30 PM|fri=09:30 AM - 06:30 PM|sat=09:30 AM - 06:30 PM|sun=09:30 AM - 06:30 PM,
The Holly Private Hospital,"High Rd, Buckhurst Hill",Essex,,IG95HX,United Kingdom,51.6248813,0.03139699999997,232-578-533,demo@wpmaps.com,https://google.com,mon=09:30 AM - 06:30 PM|tue=09:30 AM - 06:30 PM|wed=09:30 AM - 06:30 PM|thu=09:30 AM - 06:30 PM|fri=09:30 AM - 06:30 PM|sat=09:30 AM - 06:30 PM|sun=09:30 AM - 06:30 PM,
Aut Even Hospital,Freshford Road,Kilkenny,ROI,R95 D370,Ireland,52.676694,-7.270009,232-578-534,demo@wpmaps.com,https://google.com,mon=0|tue=0|wed=0|thu=0|fri=0|sat=0|sun=0,
Barringtons Hospital,George's Quay,Limerick,ROI,V94 HE2T,Ireland,52.666908,-8.620872,232-578-535,demo@wpmaps.com,https://google.com,mon=0|tue=0|wed=0|thu=0|fri=0|sat=0|sun=0,
Beaumont Hospital,Beaumont Road,Beaumont,ROI,D09 DK19,Ireland,53.392229,-6.224329,232-578-536,demo@wpmaps.com,https://google.com,mon=0|tue=0|wed=0|thu=0|fri=0|sat=0|sun=0,
Blackrock Clinic,Rock Road,Dublin ,ROI,A94 E4X7,Ireland,53.303653,-6.188198,232-578-537,demo@wpmaps.com,https://google.com,mon=0|tue=0|wed=0|thu=0|fri=0|sat=0|sun=0,
Connolly Hospital Blanchardstown,Mill Rd,Abbotstown,ROI,15 X40D,Ireland,53.388485,-6.368796,232-578-538,demo@wpmaps.com,https://google.com,mon=0|tue=0|wed=0|thu=0|fri=0|sat=0|sun=0,
Bons Dublin Hospital,Glasnevin Hill,Botanic,ROI,D09 YN97,Ireland,53.376044,-6.267381,232-578-539,demo@wpmaps.com,https://google.com,mon=0|tue=0|wed=0|thu=0|fri=0|sat=0|sun=0,
Coombe Women & Infants University Hospital,Cork St,Dublin,ROI,D08 XW7X,Ireland,53.335095,-6.288394,232-578-540,demo@wpmaps.com,https://google.com,mon=0|tue=0|wed=0|thu=0|fri=0|sat=0|sun=0,
Cork University Hospital ,Wilton,Cork,ROI,T12 YE02,Ireland,51.883463,-8.510648,232-578-541,demo@wpmaps.com,https://google.com,mon=0|tue=0|wed=0|thu=0|fri=0|sat=0|sun=0,
Galway University Hospital,Newcastle Road Galway,Galway,ROI,H91 YR71,Ireland,53.276971,-9.066162,232-578-542,demo@wpmaps.com,https://google.com,mon=0|tue=0|wed=0|thu=0|fri=0|sat=0|sun=0,
Holles St Hospital,Holles St,Dublin,ROI,D02 YH21,Ireland,53.34035,-6.245976,232-578-543,demo@wpmaps.com,https://google.com,mon=0|tue=0|wed=0|thu=0|fri=0|sat=0|sun=0,
Mater Private Hospital,"City Gate, Mahon",Cork,ROI,T12 K199,Ireland,51.886588,-8.406055,232-578-544,demo@wpmaps.com,https://google.com,mon=0|tue=0|wed=0|thu=0|fri=0|sat=0|sun=0,
Regional Hospital Mullingar,"Longford Rd, Robinstown (Levinge)",Mullingar,ROI,N91 NA43,Ireland,53.534304,-7.34896,232-578-545,demo@wpmaps.com,https://google.com,mon=0|tue=0|wed=0|thu=0|fri=0|sat=0|sun=0,
St Josephs Hospitals,"Springdale Rd, Raheny",Edenmore,ROI,D05 PX32,Ireland,53.382699,-6.179564,232-578-546,demo@wpmaps.com,https://google.com,mon=0|tue=0|wed=0|thu=0|fri=0|sat=0|sun=0,
St Michaels Dun Laoghaire Hospital,"George's Street Lower, Dún Laoghaire",Dublin,ROI,A96 D628,Ireland,53.294057,-6.138117,232-578-547,demo@wpmaps.com,https://google.com,mon=0|tue=0|wed=0|thu=0|fri=0|sat=0|sun=0,
Wexford General Hospital,"Newtown Rd, Carricklawn",Wexford,ROI,Y35 Y17D,Ireland,52.3418159,-6.4827841,232-578-548,demo@wpmaps.com,https://google.com,mon=0|tue=0|wed=0|thu=0|fri=0|sat=0|sun=0,
Whitfield Clinic,"Butlerstown North, Cork Road",Waterford,ROI, X91 DH9W,Ireland,52.240347,-7.172578,232-578-549,demo@wpmaps.com,https://google.com,mon=0|tue=0|wed=0|thu=0|fri=0|sat=0|sun=0,
Altnagelvin Area Hospital,lenshane Rd,Londonderry,Northern Ireland,BT47 6SB,Ireland,54.987354,-7.295273,232-578-550,demo@wpmaps.com,https://google.com,mon=0|tue=0|wed=0|thu=0|fri=0|sat=0|sun=0,
Antrim Area Hospital,Bush Rd ,Antrim,Northern Ireland,BT41 2RL,Ireland,54.733086,-6.185969,232-578-551,demo@wpmaps.com,https://google.com,mon=0|tue=0|wed=0|thu=0|fri=0|sat=0|sun=0,
Belfast City Hospital,51 Lisburn Rd ,Belfast ,Northern Ireland,BT9 7AB,Ireland,54.587889,-5.942211,232-578-552,demo@wpmaps.com,https://google.com,mon=0|tue=0|wed=0|thu=0|fri=0|sat=0|sun=0,
Craigavon Area Hospital,68 Lurgan Rd,Craigavon,Northern Ireland,BT63 5QQ,Ireland,54.434551,-6.411018,232-578-553,demo@wpmaps.com,https://google.com,mon=0|tue=0|wed=0|thu=0|fri=0|sat=0|sun=0,
Daisy Hill Hospital,5 Hospital Road ,Newry,Northern Ireland,BT35 8DR,Ireland,54.181012,-6.352161,232-578-554,demo@wpmaps.com,https://google.com,mon=0|tue=0|wed=0|thu=0|fri=0|sat=0|sun=0,
Kingsbridge Private Hospital,811-815 Lisburn Rd ,Belfast,Northern Ireland,BT9 7GX,Ireland,54.569661,-5.965989,232-578-555,demo@wpmaps.com,https://google.com,mon=0|tue=0|wed=0|thu=0|fri=0|sat=0|sun=0,
South West Acute Hospital,124 Irvinestown Road,Enniskillen Co Fermanagh,Northern Ireland,BT74 6DN,Ireland,54.3658058,-7.639529,232-578-556,demo@wpmaps.com,https://google.com,mon=0|tue=0|wed=0|thu=0|fri=0|sat=0|sun=0,
"Nuffield Health, Cheltenham Hospital","Nuffield Health, Cheltenham Hospital, Hatherley Lane",Cheltenham ,,GL51 6SY,United Kingdom,51.8915153,-2.1298813999999,232-578-557,demo@wpmaps.com,https://google.com,mon=08:00 AM - 06:00 PM|tue=08:00 AM - 06:00 PM|wed=08:00 AM - 06:00 PM|thu=08:00 AM - 06:00 PM|fri=08:00 AM - 06:00 PM|sat=08:00 AM - 05:00 PM|sun=09:00 AM - 01:00 PM,
Winfield Hospital,"Winfield Hospital, Tewkesbury Road, Longford",Gloucester,,GL2 9WH,United Kingdom,51.880439,-2.242306,232-578-558,demo@wpmaps.com,https://google.com,mon=1|tue=1|wed=1|thu=1|fri=1|sat=1|sun=1,
"The Great Western Hospital, Women's Health OutPatients",Marlborough Road,"Swindon, Wilts",,SN3 6BB,United Kingdom,51.5385525,-1.7231912,232-578-559,demo@wpmaps.com,https://google.com,mon=09:00 AM - 05:00 PM|tue=09:00 AM - 05:00 PM|wed=09:00 AM - 05:00 PM|thu=09:00 AM - 05:00 PM|fri=09:00 AM - 05:00 PM|sat=0|sun=0,
Poole Hospital NHS Foundation Trust,Longfleet Road,Poole ,,BH15 2JB,United States,50.721987,-1.9731169,232-578-560,demo@wpmaps.com,https://google.com,mon=0|tue=0|wed=0|thu=0|fri=0|sat=0|sun=0,
Nuffield Bournemouth,67 Lansdowne Road,Bournemouth,,BH1 1RW,United States,50.730426,-1.8709265,232-578-561,demo@wpmaps.com,https://google.com,mon=0|tue=0|wed=0|thu=0|fri=0|sat=0|sun=0,
BMI Poole Harbour,St Mary's Road,Poole ,,BH15 2BH,United States,50.72201,-1.9757,232-578-562,demo@wpmaps.com,https://google.com,mon=0|tue=0|wed=0|thu=0|fri=0|sat=0|sun=0,
Blackpool Victoria Hospital,Whinney Heys Road,Blackpool,,FY3 8NR,United States,53.820669,-3.0162645,232-578-563,demo@wpmaps.com,https://google.com,mon=0|tue=0|wed=0|thu=0|fri=0|sat=0|sun=0,
Liverpool Womens Hospital,Crown Street,Liverpool,,L8 7SS,United States,53.398273,-2.9599825,232-578-564,demo@wpmaps.com,https://google.com,mon=0|tue=0|wed=0|thu=0|fri=0|sat=0|sun=0,
Royal Stoke Hospital / County Hospital,Newcastle Road,Stoke-on-Trent,,ST4 6QG,United States,53.004021,-2.2148723,232-578-565,demo@wpmaps.com,https://google.com,mon=0|tue=0|wed=0|thu=0|fri=0|sat=0|sun=0,
St Marys Hospital,"Praed Street, Paddington",London,,W2 1NY,United States,51.517123,-0.1742119,232-578-566,demo@wpmaps.com,https://google.com,mon=0|tue=0|wed=0|thu=0|fri=0|sat=0|sun=0,
Furness General Hospital,Dalton Lane,Barrow-in-Furness,,LA14 4LF,United States,54.136395,-3.2078839,232-578-567,demo@wpmaps.com,https://google.com,mon=0|tue=0|wed=0|thu=0|fri=0|sat=0|sun=0,
Countess of Chester Hospital,Liverpool Road,Chester,,CH2 1UL,United States,53.211767,-2.8990244,232-578-568,demo@wpmaps.com,https://google.com,mon=0|tue=0|wed=0|thu=0|fri=0|sat=0|sun=0,
Royal Bolton Hospital,"Minerva Road, Farnworth",Bolton,,BL4 0JR,United States,53.554415,-2.430185,232-578-569,demo@wpmaps.com,https://google.com,mon=0|tue=0|wed=0|thu=0|fri=0|sat=0|sun=0,
Royal Oldham Hospital,Rochdale Road,Oldham,,OL1 2JH,United States,53.552888,-2.1222224,232-578-570,demo@wpmaps.com,https://google.com,mon=0|tue=0|wed=0|thu=0|fri=0|sat=0|sun=0,
North Manchester General Hospital,"Delaunays Road, Crumpsall",Manchester,,M8 5RB,United States,53.517882,-2.2294865,232-578-571,demo@wpmaps.com,https://google.com,mon=0|tue=0|wed=0|thu=0|fri=0|sat=0|sun=0,
Wrexham Maelor Hospital,Croesnewydd Road,Wrexham,,LL13 7TD,United States,53.046173,-3.0101802,232-578-572,demo@wpmaps.com,https://google.com,mon=0|tue=0|wed=0|thu=0|fri=0|sat=0|sun=0,
Bangor Hospital,Bangor,Gwynedd,,LL57 2PW,United States,53.20902,-4.1598251,232-578-573,demo@wpmaps.com,https://google.com,mon=0|tue=0|wed=0|thu=0|fri=0|sat=0|sun=0,
Whiston Hospital,"Warrington Road, Rainhill",Prescot,,L35 5DR,United States,53.420813,-2.7860133,232-578-574,demo@wpmaps.com,https://google.com,mon=0|tue=0|wed=0|thu=0|fri=0|sat=0|sun=0,
West Cumberland Hospital,Homewood Road,Whitehaven,,CA28 8JG,United States,54.530195,-3.5631749,232-578-575,demo@wpmaps.com,https://google.com,mon=0|tue=0|wed=0|thu=0|fri=0|sat=0|sun=0,
Spire Fylde Coast Hospital,St Walburgas Road,Blackpool,,FY3 8BP,United States,53.826052,-3.0195701,232-578-576,demo@wpmaps.com,https://google.com,mon=0|tue=0|wed=0|thu=0|fri=0|sat=0|sun=0,
Ashtead Hospital,The Warren,Ashtead,,KT21 2SB,United Kingdom,51.304339,-0.30329231,232-578-577,demo@wpmaps.com,https://google.com,mon=0|tue=0|wed=0|thu=0|fri=0|sat=0|sun=0,
Queen's Hospital ,"Rom Valley Way, Romford",Essex,,RM7 0AG,United Kingdom,51.568622,0.17891397,232-578-578,demo@wpmaps.com,https://google.com,mon=0|tue=0|wed=0|thu=0|fri=0|sat=0|sun=0,
King George Hospital ,"Barley Lane, Goodmaynes",Essex,,IG3 8YB,United Kingdom,51.580545,0.11210686,232-578-579,demo@wpmaps.com,https://google.com,mon=0|tue=0|wed=0|thu=0|fri=0|sat=0|sun=0,
Barnsley Hospital,Gawber Road,Barnsley,,S75 2EP,United Kingdom,53.558314,-1.4995781,232-578-580,demo@wpmaps.com,https://google.com,mon=0|tue=0|wed=0|thu=0|fri=0|sat=0|sun=0,
Barts Health NHS Trust,"The Royal London Hospital, Whitechapel Road, London",Whitechapel,,E1 1BB,United Kingdom,51.519026,-0.058075032,232-578-581,demo@wpmaps.com,https://google.com,mon=0|tue=0|wed=0|thu=0|fri=0|sat=0|sun=0,
Basildon Hospital,Nether Mayne,Basildon,,SS16 5NL,United Kingdom,51.557686,0.45055726,232-578-582,demo@wpmaps.com,https://google.com,mon=0|tue=0|wed=0|thu=0|fri=0|sat=0|sun=0,
Bedford Hospital,"South Wing, Kempston Road",Bedford,,MK42 9DJ,United Kingdom,52.128848,-0.47173007,232-578-583,demo@wpmaps.com,https://google.com,mon=0|tue=0|wed=0|thu=0|fri=0|sat=0|sun=0,
Benenden Hospital,Goddard's Green Road,Cranbrook,,TN17 4AX,United Kingdom,51.086658,0.61610026,232-578-584,demo@wpmaps.com,https://google.com,mon=0|tue=0|wed=0|thu=0|fri=0|sat=0|sun=0,
Berkshire Independent Hospital ,"Swallows Croft, Wensley Road",Reading,,RG1 6UZ,United Kingdom,51.44455,-0.98831316,232-578-585,demo@wpmaps.com,https://google.com,mon=0|tue=0|wed=0|thu=0|fri=0|sat=0|sun=0,
Blackpool Victoria Hospital,Whinney Heys Road,Blackpool,,FY3 8NR,United Kingdom,53.820669,-3.0162645,232-578-586,demo@wpmaps.com,https://google.com,mon=0|tue=0|wed=0|thu=0|fri=0|sat=0|sun=0,
"BMI - Carrick Glen, Ayr",Dalmellington Road,Ayr,,KA6 6PG,United Kingdom,55.430188,-4.5827135,232-578-587,demo@wpmaps.com,https://google.com,mon=0|tue=0|wed=0|thu=0|fri=0|sat=0|sun=0,
BMI - Chiltern Hospital,London Road,Great Missenden,,HP16 0EN,United Kingdom,51.690515,-0.69366911,232-578-588,demo@wpmaps.com,https://google.com,mon=0|tue=0|wed=0|thu=0|fri=0|sat=0|sun=0,
BMI - Clementine Churchill Hospital,Sudbury Hill,Harrow,,HA1 3RX,United Kingdom,51.564966,-0.33270874,232-578-589,demo@wpmaps.com,https://google.com,mon=0|tue=0|wed=0|thu=0|fri=0|sat=0|sun=0,
BMI - Kings Oak Hospital Enfield,"Chase Farm North Side, The Ridgeway, London",Enfield,,EN2 8SD,United Kingdom,51.667942,-0.10542212,232-578-590,demo@wpmaps.com,https://google.com,mon=0|tue=0|wed=0|thu=0|fri=0|sat=0|sun=0,
BMI - Milton Keynes,"Chadwick Drive, V7 Saxon Street ",Milton Keynes,,MK6 5LR,United Kingdom,52.025614,-0.74036456,232-578-591,demo@wpmaps.com,https://google.com,mon=0|tue=0|wed=0|thu=0|fri=0|sat=0|sun=0,
"BMI - Ross Hall Hospital, Glasgow",221 Crookston Road,Glasgow,,G52 3NQ,United Kingdom,55.841022,-4.3639577,232-578-592,demo@wpmaps.com,https://google.com,mon=0|tue=0|wed=0|thu=0|fri=0|sat=0|sun=0,
"BMI Albyn Hospital, Aberdeen",21-24 Albyn Place,Aberdeen,,AB10 1RW,United Kingdom,57.142437,-2.1184447,232-578-593,demo@wpmaps.com,https://google.com,mon=0|tue=0|wed=0|thu=0|fri=0|sat=0|sun=0,
"BMI Alexandra, Cheadle",Mill Lane,Cheadle,,SK8 2PX,United Kingdom,53.397273,-2.2158278,232-578-594,demo@wpmaps.com,https://google.com,mon=0|tue=0|wed=0|thu=0|fri=0|sat=0|sun=0,
"BMI Alvernia, Guildford",Harvey Road,Guildford,,GU1 3LX,United Kingdom,51.235926,-0.56425611,232-578-595,demo@wpmaps.com,https://google.com,mon=0|tue=0|wed=0|thu=0|fri=0|sat=0|sun=0,
BMI Basingstoke,Basing Road,Basingstoke,,RG24 7AL,United Kingdom,51.271544,-1.0573121,232-578-596,demo@wpmaps.com,https://google.com,mon=0|tue=0|wed=0|thu=0|fri=0|sat=0|sun=0,
BMI Bath,"Claverton Down Road, Combe Down",Bath,,BA2 7BR,United Kingdom,51.364144,-2.3321931,232-578-597,demo@wpmaps.com,https://google.com,mon=0|tue=0|wed=0|thu=0|fri=0|sat=0|sun=0,
BMI Blackburn - The Beardwood Hospital ,Preston New Road,Blackburn,,BB2 7AE,United Kingdom,53.755136,-2.513269,232-578-598,demo@wpmaps.com,https://google.com,mon=0|tue=0|wed=0|thu=0|fri=0|sat=0|sun=0,
BMI Blackheath,"40-42 Lee Terrace, Blackheath",London,,SE3 9UD,United Kingdom,51.463474,0.0062649517,232-578-599,demo@wpmaps.com,https://google.com,mon=0|tue=0|wed=0|thu=0|fri=0|sat=0|sun=0,
BMI Cavell Hospital Enfield,"Cavell Drive, Uplands Park Road",London,,EN2 7PR,United Kingdom,51.659206,-0.10124658,232-578-600,demo@wpmaps.com,https://google.com,mon=0|tue=0|wed=0|thu=0|fri=0|sat=0|sun=0,
"BMI Chaucer, Canterbury",Nackington Road,Canterbury,,CT4 7AR,United Kingdom,51.261703,1.0874725,232-578-601,demo@wpmaps.com,https://google.com,mon=0|tue=0|wed=0|thu=0|fri=0|sat=0|sun=0,
BMI Chelsfield Park,"Bucks Cross Road, Chelsfield",Orpington,,BR6 7RG,United Kingdom,51.358397,0.13081456,232-578-602,demo@wpmaps.com,https://google.com,mon=0|tue=0|wed=0|thu=0|fri=0|sat=0|sun=0,
BMI Droitwich Spa ,"St Andrews Road, Droitwich Spa ",Droitwich,,WR9 8DN,United Kingdom,52.265487,-2.1508951,232-578-603,demo@wpmaps.com,https://google.com,mon=0|tue=0|wed=0|thu=0|fri=0|sat=0|sun=0,
BMI Goring Hall ,Bodiam Avenue,Worthing,,BN12 5AT,United Kingdom,50.811556,-0.43221054,232-578-604,demo@wpmaps.com,https://google.com,mon=0|tue=0|wed=0|thu=0|fri=0|sat=0|sun=0,
BMI Harbour,St Mary's Road,Poole,,BH15 2BH,United Kingdom,50.722006,-1.9756951,232-578-605,demo@wpmaps.com,https://google.com,mon=0|tue=0|wed=0|thu=0|fri=0|sat=0|sun=0,
BMI Lincoln,Nettleham Road,Lincoln,,LN2 1QU,United Kingdom,53.237934,-0.53336021,232-578-606,demo@wpmaps.com,https://google.com,mon=0|tue=0|wed=0|thu=0|fri=0|sat=0|sun=0,
BMI Manor,"Church End, Biddenham",Bedford,,MK40 4AW,United Kingdom,52.138396,-0.51313645,232-578-607,demo@wpmaps.com,https://google.com,mon=0|tue=0|wed=0|thu=0|fri=0|sat=0|sun=0,
BMI Meriden ,"University Hospital Site, Clifford Bridge Road",Coventry,,CV2 2LQ,United Kingdom,52.423314,-1.4382589,232-578-608,demo@wpmaps.com,https://google.com,mon=0|tue=0|wed=0|thu=0|fri=0|sat=0|sun=0,
BMI Park Hospital Nottingham,Sherwood Lodge Drive Burntstump Country Park,Arnold,,NG5 8RX,United Kingdom,53.050094,-1.1428861,232-578-609,demo@wpmaps.com,https://google.com,mon=0|tue=0|wed=0|thu=0|fri=0|sat=0|sun=0,
BMI Princess Margaret,Osborne Road,Windsor,,SL4 3SJ,United Kingdom,51.474679,-0.61036728,232-578-610,demo@wpmaps.com,https://google.com,mon=0|tue=0|wed=0|thu=0|fri=0|sat=0|sun=0,
BMI Priory Hospital Birmingham,Priory Road,Edgbaston,,B5 7UG,United Kingdom,52.456429,-1.9114232,232-578-611,demo@wpmaps.com,https://google.com,mon=0|tue=0|wed=0|thu=0|fri=0|sat=0|sun=0,
BMI Bishops Wood,Rickmansworth Road,Northwood,,HA6 2JW,United Kingdom,51.616461,-0.44650675,232-578-612,demo@wpmaps.com,https://google.com,mon=0|tue=0|wed=0|thu=0|fri=0|sat=0|sun=0,
BMI Runnymede Hospital,"Guildford Rd, Ottershaw, Lyne",Chertsey,,KT16 0RQ,United Kingdom,51.377996,-0.52438249,232-578-613,demo@wpmaps.com,https://google.com,mon=0|tue=0|wed=0|thu=0|fri=0|sat=0|sun=0,
BMI Sandringham,Gayton Road,King's Lynn ,,PE30 4HJ,United Kingdom,52.757809,0.44773871,232-578-614,demo@wpmaps.com,https://google.com,mon=0|tue=0|wed=0|thu=0|fri=0|sat=0|sun=0,
BMI Sarum,Sarum Road,Winchester,,SO22 5HA,United Kingdom,51.060702,-1.3391306,232-578-615,demo@wpmaps.com,https://google.com,mon=0|tue=0|wed=0|thu=0|fri=0|sat=0|sun=0,
"BMI Sloane, Beckenham",125 Albemarle Road,Beckenham,,BR3 5HS,United Kingdom,51.408332,-0.0043603308,232-578-616,demo@wpmaps.com,https://google.com,mon=0|tue=0|wed=0|thu=0|fri=0|sat=0|sun=0,
Bradford Teaching Hospital,Duckworth Lane,Bradford,,BD9 6RJ,United Kingdom,53.805882,-1.7948794,232-578-617,demo@wpmaps.com,https://google.com,mon=0|tue=0|wed=0|thu=0|fri=0|sat=0|sun=0,
Broomfield Hospital,"Court Road, Broomfield",Chelmsford,,CM1 7ET,United Kingdom,51.774585,0.46542433,232-578-618,demo@wpmaps.com,https://google.com,mon=0|tue=0|wed=0|thu=0|fri=0|sat=0|sun=0,
Burnley General Hosptial ,Casterton Avenue,Burnley,,BB10 2PQ,United Kingdom,53.810178,-2.2292746,232-578-619,demo@wpmaps.com,https://google.com,mon=0|tue=0|wed=0|thu=0|fri=0|sat=0|sun=0,
Calderdale & Huddersfield,Acre Street,Huddersfield,,HD3 3EA,United Kingdom,53.655483,-1.8163381,232-578-620,demo@wpmaps.com,https://google.com,mon=0|tue=0|wed=0|thu=0|fri=0|sat=0|sun=0,
Manchester Royal Infirmary ,Oxford Road,Manchester,,M13 9WL,United Kingdom,53.461426,-2.2247084,232-578-621,demo@wpmaps.com,https://google.com,mon=0|tue=0|wed=0|thu=0|fri=0|sat=0|sun=0,
Central Middlesex Hospital,"Acton Lane, Park Royal",London,,NW10 7NS,United Kingdom,51.53162,-0.26976916,232-578-625,demo@wpmaps.com,https://google.com,mon=0|tue=0|wed=0|thu=0|fri=0|sat=0|sun=0,
Charing Cross Hospital ," Fulham Palace Road, Hammersmith",London,,W6 8RF,United Kingdom,51.487054,-0.21993503,232-578-626,demo@wpmaps.com,https://google.com,mon=0|tue=0|wed=0|thu=0|fri=0|sat=0|sun=0,
Chase Farm Hospital,127 The Ridgeway,Enfield,,EN2 8JL,United Kingdom,51.666312,-0.10363913,232-578-627,demo@wpmaps.com,https://google.com,mon=0|tue=0|wed=0|thu=0|fri=0|sat=0|sun=0,
Chesterfield Royal Hospital,"Chesterfield Road, Calow",Chesterfield,,S44 5BL,United Kingdom,53.236223,-1.4000812,232-578-628,demo@wpmaps.com,https://google.com,mon=0|tue=0|wed=0|thu=0|fri=0|sat=0|sun=0,
Circle Bath,"Foxcote Avenue, Peasedown St John",Bath,,BA2 8SQ,United Kingdom,51.3113,-2.4163583,232-578-629,demo@wpmaps.com,https://google.com,mon=0|tue=0|wed=0|thu=0|fri=0|sat=0|sun=0,
Circle Reading,100 Drake Way,Reading,,RG2 0NE,United Kingdom,51.429401,-0.97621952,232-578-630,demo@wpmaps.com,https://google.com,mon=0|tue=0|wed=0|thu=0|fri=0|sat=0|sun=0,
Claremont Hospital,401 Sandygate Road,Sheffield,,S10 5UB,United Kingdom,53.375792,-1.5351639,232-578-631,demo@wpmaps.com,https://google.com,mon=0|tue=0|wed=0|thu=0|fri=0|sat=0|sun=0,
Conquest Hospital,"The Ridge, Hastings",Saint Leonards-on-sea,,TN37 7RD,United Kingdom,50.885373,0.56770788,232-578-632,demo@wpmaps.com,https://google.com,mon=0|tue=0|wed=0|thu=0|fri=0|sat=0|sun=0,
Countess of Chester Hospital,Liverpool Road,Chester,,CH2 1UL,United Kingdom,53.211767,-2.8990244,232-578-633,demo@wpmaps.com,https://google.com,mon=0|tue=0|wed=0|thu=0|fri=0|sat=0|sun=0,
Crawley Hospital,W Green Drive,Crawley,,RH11 7DH,United Kingdom,51.116598,-0.1975745,232-578-634,demo@wpmaps.com,https://google.com,mon=0|tue=0|wed=0|thu=0|fri=0|sat=0|sun=0,
Dorset County Hospital ,Williams Avenue,Dorchester,,DT1 2JY,United Kingdom,50.713461,-2.4471253,232-578-635,demo@wpmaps.com,https://google.com,mon=0|tue=0|wed=0|thu=0|fri=0|sat=0|sun=0,
Duchy Hospital,Penventinnie Lane,Truro,,TR1 3UP,United Kingdom,50.267934,-5.093566,232-578-636,demo@wpmaps.com,https://google.com,mon=0|tue=0|wed=0|thu=0|fri=0|sat=0|sun=0,
Dumfries and Galloway Royal Infirmary,"A75, Cargenbridge",Dumfries,,DG2 8RX,United Kingdom,55.0353,-3.8302,232-578-637,demo@wpmaps.com,https://google.com,mon=0|tue=0|wed=0|thu=0|fri=0|sat=0|sun=0,
East Surrey Hospital,Canada Avenue,Redhill,,RH1 5RH,United Kingdom,51.218607,-0.16128808,232-578-638,demo@wpmaps.com,https://google.com,mon=0|tue=0|wed=0|thu=0|fri=0|sat=0|sun=0,
Eastbourne Hospital,Kings Drive,Eastbourne,,BN21 2UD,United Kingdom,50.786969,0.27110748,232-578-639,demo@wpmaps.com,https://google.com,mon=0|tue=0|wed=0|thu=0|fri=0|sat=0|sun=0,
Euxton Hall Hospital,"Wigan Rd, Euxton",Chorley,,PR7 6DY,United Kingdom,53.660976,-2.6760264,232-578-640,demo@wpmaps.com,https://google.com,mon=0|tue=0|wed=0|thu=0|fri=0|sat=0|sun=0,
Fairfield Independent Hospital,Crank Road Crank,St Helens ,,WA11 7RS,United Kingdom,53.484703,-2.7498808,232-578-641,demo@wpmaps.com,https://google.com,mon=0|tue=0|wed=0|thu=0|fri=0|sat=0|sun=0,
Fitzwilliam Hospital ,Milton Way,Peterborough,,PE3 9AQ,United Kingdom,52.576694,-0.29755555,232-578-642,demo@wpmaps.com,https://google.com,mon=0|tue=0|wed=0|thu=0|fri=0|sat=0|sun=0,
Fulwood Hall Hospital ,"Midgery Lane, Fulwood",Preston,,PR2 9SZ,United Kingdom,53.786326,-2.6840208,232-578-643,demo@wpmaps.com,https://google.com,mon=0|tue=0|wed=0|thu=0|fri=0|sat=0|sun=0,
Furness General Hospital,Dalton Lane,Barrow-in-Furness ,,LA14 4LF,United Kingdom,54.136395,-3.2078839,232-578-644,demo@wpmaps.com,https://google.com,mon=0|tue=0|wed=0|thu=0|fri=0|sat=0|sun=0,
Gloucestershire Royal Hospital,Great Western Road,Gloucester,,GL1 3NN,United Kingdom,51.866088,-2.2338867,232-578-645,demo@wpmaps.com,https://google.com,mon=0|tue=0|wed=0|thu=0|fri=0|sat=0|sun=0,
Great Western Hospital,Marlborough Road,Swindon,,SN3 6BB,United Kingdom,51.538161,-1.7276925,232-578-646,demo@wpmaps.com,https://google.com,mon=0|tue=0|wed=0|thu=0|fri=0|sat=0|sun=0,
Grimsby Hospitals,Scartho Road,Grimsby,,DN33 2BA,United Kingdom,53.544866,-0.096213098,232-578-647,demo@wpmaps.com,https://google.com,mon=0|tue=0|wed=0|thu=0|fri=0|sat=0|sun=0,
Heartlands Hospital,Bordesley Green E,Birmingham,,B9 5SS,United Kingdom,52.480218,-1.8299656,232-578-648,demo@wpmaps.com,https://google.com,mon=0|tue=0|wed=0|thu=0|fri=0|sat=0|sun=0,
Good Hope Hospital ,The Royal Town of Sutton Coldfield,Sutton Coldfield,,B75 7RS,United Kingdom,52.566216,-1.8122252,232-578-649,demo@wpmaps.com,https://google.com,mon=0|tue=0|wed=0|thu=0|fri=0|sat=0|sun=0,
Solihull Hospital,Lode Lane,Solihull,,B91 2JL,United Kingdom,52.417123,-1.7743654,232-578-650,demo@wpmaps.com,https://google.com,mon=0|tue=0|wed=0|thu=0|fri=0|sat=0|sun=0,
Hereford County Hospital,Stonebow Road,Hereford,,HR1 2ER,United Kingdom,52.056942,-2.7055327,232-578-651,demo@wpmaps.com,https://google.com,mon=0|tue=0|wed=0|thu=0|fri=0|sat=0|sun=0,
Holly House Private Hospital,High Road,Buckhurst Hill ,,IG9 5HX,United Kingdom,51.624512,0.032013055,232-578-652,demo@wpmaps.com,https://google.com,mon=0|tue=0|wed=0|thu=0|fri=0|sat=0|sun=0,
Homerton University Hospital,"Homerton Row, Clapton",London,,E9 6SR,United Kingdom,51.550634,-0.046098772,232-578-653,demo@wpmaps.com,https://google.com,mon=0|tue=0|wed=0|thu=0|fri=0|sat=0|sun=0,
Hull & East Yorks NHS Trust,Anlaby Road,Hull,,HU3 2JZ,United Kingdom,53.744412,-0.35827125,232-578-654,demo@wpmaps.com,https://google.com,mon=0|tue=0|wed=0|thu=0|fri=0|sat=0|sun=0,
Ipswich Hospital,Heath Road,Ipswich,,IP4 5PD,United Kingdom,52.060012,1.1963461,232-578-655,demo@wpmaps.com,https://google.com,mon=0|tue=0|wed=0|thu=0|fri=0|sat=0|sun=0,
Noble's Hospital,"Strang, Isle of Man ",Isle of Man,,IM4 4RJ,United Kingdom,54.1622,-4.5033,232-578-656,demo@wpmaps.com,https://google.com,mon=0|tue=0|wed=0|thu=0|fri=0|sat=0|sun=0,
